TransactionID,CustomerID,TransactionDate,TransactionAmount,ProductCategory
T100611,C10085,2026-05-14,71.54,Clothing
T101891,C10290,2026-04-08,53.94,Electronics
T101419,C10223,2026-01-01,34.15,Books
T104414,C10679,2026-02-26,91.22,Clothing
T105826,C10883,2025-08-22,75.34,Clothing
T105838,C10887,2025-11-05,25.31,Clothing
T106199,C10942,2025-07-27,18.43,Groceries
T104922,C10761,2025-07-13,24.17,Electronics
T104332,C10661,2026-02-09,107.54,Beauty & Personal Care
T101695,C10263,2025-08-30,128.88,Books
T100544,C10075,2026-01-19,17.1,Clothing
T103226,C10494,2025-11-24,24.15,Beauty & Personal Care
T103855,C10589,2026-03-12,99.45,Clothing
T102486,C10380,2026-01-29,47.88,Home & Kitchen
T102932,C10453,2025-09-11,92.74,Clothing
T104914,C10759,2025-12-19,38.44,Books
T101225,C10191,2025-07-01,69.98,Books
T106341,C10964,2025-10-06,84.69,Groceries
T104899,C10757,2025-07-10,265.34,Electronics
T100393,C10050,2025-11-12,50.12,Beauty & Personal Care
T105738,C10872,2025-06-22,58.93,Electronics
T100511,C10067,2026-01-14,29.46,Electronics
T103307,C10507,2025-10-25,33.06,Electronics
T102874,C10442,2026-02-22,34.68,Groceries
T105220,C10798,2026-04-21,267.66,Groceries
T101963,C10301,2026-03-12,346.96,Clothing
T101335,C10213,2025-06-29,234.29,Groceries
T104881,C10756,2025-06-26,49.24,Home & Kitchen
T106533,C10994,2025-11-19,108.33,Electronics
T101090,C10162,2026-01-07,43.61,Electronics
T105198,C10796,2026-03-20,65.02,Books
T102346,C10356,2026-02-01,34.34,Books
T106096,C10923,2025-07-25,117.59,Beauty & Personal Care
T104597,C10705,2026-05-24,91.96,Clothing
T105297,C10810,2025-11-30,288.57,Home & Kitchen
T100324,C10038,2025-12-31,41.06,Groceries
T101002,C10149,2025-12-21,351.14,Electronics
T102718,C10419,2025-10-25,307.41,Electronics
T105153,C10789,2025-11-30,17.72,Clothing
T100604,C10084,2026-05-29,18.24,Clothing
T101354,C10214,2025-08-12,73.88,Groceries
T104740,C10731,2026-02-15,314.84,Clothing
T101362,C10215,2026-03-15,277.32,Groceries
T105993,C10909,2026-01-30,38.24,Groceries
T102851,C10436,2026-01-06,95.73,Electronics
T101514,C10235,2025-11-19,105.58,Groceries
T105930,C10898,2025-06-26,73.36,Groceries
T101835,C10283,2025-09-01,95.94,Home & Kitchen
T103483,C10536,2025-12-23,207.77,Groceries
T105429,C10831,2025-11-09,15.95,Books
T106138,C10927,2026-03-25,84.19,Clothing
T103154,C10484,2025-07-02,152.13,Home & Kitchen
T100263,C10031,2025-08-23,232.31,Books
T100247,C10030,2025-12-12,92.21,Clothing
T102741,C10422,2025-07-18,311.99,Clothing
T104679,C10723,2025-12-28,107.63,Groceries
T100465,C10060,2025-12-13,332.73,Beauty & Personal Care
T103113,C10480,2025-09-02,14.34,Beauty & Personal Care
T103757,C10575,2026-02-22,124.69,Beauty & Personal Care
T100681,C10101,2025-09-02,41.07,Beauty & Personal Care
T106118,C10925,2026-02-10,62.08,Clothing
T103803,C10579,2026-02-09,102.62,Clothing
T103935,C10602,2025-08-27,273.56,Clothing
T104034,C10612,2026-05-22,220.91,Electronics
T105495,C10844,2025-12-15,75.74,Groceries
T101483,C10230,2026-05-16,251.53,Electronics
T101611,C10250,2025-12-15,234.27,Electronics
T100096,C10016,2025-12-23,186.32,Books
T105462,C10838,2026-02-21,25.69,Books
T100132,C10021,2025-11-23,27.83,Clothing
T104372,C10669,2025-07-08,57.52,Clothing
T100811,C10122,2026-03-26,86.69,Home & Kitchen
T102972,C10460,2025-12-14,15.75,Clothing
T103221,C10493,2025-06-05,65.05,Beauty & Personal Care
T103739,C10572,2026-04-09,52.03,Electronics
T101371,C10215,2026-04-05,356.93,Clothing
T103708,C10566,2026-03-28,301.08,Clothing
T104676,C10723,2025-10-15,114.25,Clothing
T103516,C10540,2025-09-16,36.99,Home & Kitchen
T100491,C10061,2026-01-19,111.49,Electronics
T100534,C10074,2026-04-15,88.66,Groceries
T100957,C10145,2025-06-08,69.38,Clothing
T105075,C10777,2025-12-08,290.12,Home & Kitchen
T100469,C10060,2026-03-15,314.99,Clothing
T105407,C10827,2026-02-28,114.66,Electronics
T104031,C10612,2026-05-23,190.56,Books
T104105,C10622,2025-07-27,83.16,Clothing
T106190,C10941,2026-02-15,275.5,Clothing
T102183,C10330,2025-11-12,104.26,Clothing
T103402,C10522,2025-07-19,355.61,Groceries
T102155,C10328,2025-11-19,234.88,Clothing
T102855,C10436,2026-05-12,75.54,Home & Kitchen
T105452,C10836,2026-04-26,133.26,Beauty & Personal Care
T100031,C10010,2026-03-15,36.13,Home & Kitchen
T101620,C10251,2025-12-24,44.67,Beauty & Personal Care
T101941,C10298,2025-11-09,235.23,Home & Kitchen
T105260,C10803,2025-12-21,95.1,Beauty & Personal Care
T103176,C10484,2025-08-20,130.72,Groceries
T101397,C10217,2026-05-27,36.63,Electronics
T102629,C10404,2025-09-29,230.55,Groceries
T101569,C10248,2025-08-16,196.36,Books
T104184,C10638,2025-08-16,34.38,Electronics
T103167,C10484,2026-05-03,211.96,Home & Kitchen
T100625,C10086,2025-06-10,60.95,Clothing
T101426,C10224,2026-01-16,115.21,Electronics
T101487,C10230,2025-11-04,183.47,Groceries
T104839,C10750,2025-10-04,187.65,Electronics
T103264,C10499,2025-08-06,101.32,Books
T104348,C10666,2026-05-21,13.74,Books
T104856,C10750,2025-09-27,263.87,Beauty & Personal Care
T106059,C10920,2026-05-09,60.13,Groceries
T105156,C10790,2025-12-20,31.62,Clothing
T101330,C10213,2026-01-28,327.68,Home & Kitchen
T102366,C10360,2025-09-12,53.21,Books
T102789,C10430,2026-04-18,224.14,Electronics
T100023,C10007,2026-03-01,28.93,Groceries
T106131,C10927,2025-07-16,75.33,Home & Kitchen
T106038,C10917,2026-06-01,105.67,Electronics
T102650,C10407,2026-02-23,41.57,Home & Kitchen
T105537,C10849,2025-11-01,198.65,Electronics
T103132,C10482,2025-07-28,204.67,Beauty & Personal Care
T105055,C10775,2025-09-05,36.38,Clothing
T105107,C10779,2025-09-29,17.64,Beauty & Personal Care
T102225,C10336,2026-05-03,411.62,Electronics
T100535,C10074,2026-04-26,99.14,Home & Kitchen
T102417,C10373,2025-09-29,102.17,Electronics
T105676,C10861,2025-09-28,304.57,Home & Kitchen
T102846,C10435,2025-06-21,81.58,Electronics
T106438,C10978,2025-12-14,66.22,Clothing
T104758,C10735,2026-03-22,62.75,Groceries
T103528,C10545,2026-04-05,254.09,Books
T102653,C10407,2026-01-06,70.65,Groceries
T102858,C10437,2026-05-22,32.74,Home & Kitchen
T104511,C10694,2025-08-10,21.79,Clothing
T103129,C10482,2026-05-20,270.65,Groceries
T104837,C10750,2026-04-17,182.39,Electronics
T103491,C10536,2025-07-14,200.31,Electronics
T103951,C10602,2025-09-04,212.43,Clothing
T104047,C10613,2025-10-16,383.9,Home & Kitchen
T101084,C10159,2026-04-03,38.37,Home & Kitchen
T105294,C10810,2025-11-06,316.76,Clothing
T106486,C10985,2025-07-18,66.75,Books
T101965,C10301,2025-08-16,319.18,Home & Kitchen
T101315,C10211,2025-09-04,126.33,Clothing
T104418,C10679,2025-10-14,82.95,Groceries
T103199,C10489,2025-12-30,65.98,Groceries
T102271,C10342,2025-06-21,26.27,Home & Kitchen
T103505,C10536,2025-10-20,142.36,Books
T103573,C10553,2026-02-15,107.43,Electronics
T105950,C10902,2025-07-01,83.88,Groceries
T106535,C10994,2026-04-06,101.8,Home & Kitchen
T104713,C10729,2025-10-16,265.91,Groceries
T100233,C10028,2025-06-11,243.82,Beauty & Personal Care
T106022,C10913,2025-06-13,144.85,Electronics
T104638,C10713,2025-07-27,16.89,Home & Kitchen
T101480,C10230,2026-04-28,307.63,Clothing
T105563,C10851,2025-08-26,113.72,Beauty & Personal Care
T104397,C10674,2026-02-08,282.0,Groceries
T101831,C10283,2026-03-31,94.01,Electronics
T101747,C10270,2026-05-18,102.87,Clothing
T104704,C10729,2026-02-21,276.93,Clothing
T103780,C10576,2026-03-15,184.41,Books
T101740,C10269,2026-01-17,87.23,Groceries
T101578,C10248,2025-07-30,186.09,Electronics
T106471,C10984,2025-06-30,100.85,Clothing
T101079,C10158,2025-10-28,315.33,Beauty & Personal Care
T101623,C10252,2025-07-31,35.7,Books
T102510,C10383,2026-01-29,343.24,Clothing
T105636,C10856,2025-08-19,267.26,Groceries
T100080,C10015,2025-12-26,294.52,Electronics
T105671,C10861,2026-02-07,297.89,Clothing
T104695,C10727,2026-04-08,42.13,Groceries
T103917,C10599,2025-08-24,46.09,Home & Kitchen
T101454,C10227,2026-05-17,60.81,Electronics
T105325,C10813,2026-03-19,97.26,Electronics
T102847,C10435,2026-02-08,77.85,Electronics
T100468,C10060,2026-04-14,317.26,Beauty & Personal Care
T103794,C10578,2026-01-22,18.24,Clothing
T101144,C10174,2026-01-04,30.4,Electronics
T100401,C10051,2025-08-04,238.67,Home & Kitchen
T100381,C10049,2026-02-03,264.89,Books
T103455,C10531,2025-10-13,304.34,Groceries
T103365,C10519,2025-06-04,138.11,Electronics
T105663,C10859,2026-01-22,227.96,Groceries
T101108,C10165,2026-03-14,81.27,Clothing
T105650,C10859,2025-09-29,293.09,Clothing
T100842,C10128,2026-02-27,159.05,Clothing
T101593,C10250,2026-05-14,357.63,Clothing
T102167,C10329,2025-07-17,89.4,Clothing
T100239,C10029,2025-06-15,92.08,Clothing
T103265,C10499,2026-02-18,120.46,Beauty & Personal Care
T104955,C10767,2025-06-03,29.75,Clothing
T103270,C10499,2025-07-31,88.11,Groceries
T103879,C10591,2025-12-22,275.43,Home & Kitchen
T101694,C10263,2025-09-08,101.69,Clothing
T102348,C10357,2026-03-02,89.29,Beauty & Personal Care
T106162,C10934,2026-02-09,62.62,Electronics
T103929,C10600,2026-05-05,101.08,Books
T104283,C10651,2025-07-21,40.93,Books
T102389,C10367,2025-06-28,47.28,Electronics
T105947,C10902,2026-05-16,99.32,Clothing
T105835,C10886,2025-09-06,19.41,Home & Kitchen
T102584,C10396,2026-04-13,122.85,Electronics
T100982,C10149,2026-05-09,299.81,Electronics
T103080,C10474,2025-06-25,80.69,Beauty & Personal Care
T102364,C10360,2025-11-02,51.8,Electronics
T102882,C10443,2025-06-17,58.51,Electronics
T106548,C10997,2025-11-18,18.29,Electronics
T101870,C10287,2025-07-25,57.95,Electronics
T104063,C10616,2026-03-26,191.74,Electronics
T104912,C10758,2026-02-03,30.43,Clothing
T103169,C10484,2025-12-17,183.26,Books
T104750,C10733,2025-08-16,29.25,Books
T102970,C10458,2025-12-06,234.77,Beauty & Personal Care
T103320,C10512,2025-10-05,16.85,Groceries
T102570,C10393,2025-12-01,82.65,Home & Kitchen
T103172,C10484,2025-08-22,138.21,Groceries
T100334,C10040,2026-01-17,36.44,Groceries
T103109,C10479,2026-01-24,76.99,Groceries
T103484,C10536,2026-03-26,160.45,Groceries
T103439,C10530,2026-01-19,101.51,Beauty & Personal Care
T100812,C10122,2026-02-24,114.99,Groceries
T104905,C10757,2025-09-08,281.56,Beauty & Personal Care
T102798,C10431,2025-12-28,36.57,Clothing
T101672,C10259,2026-05-08,178.58,Groceries
T105451,C10836,2026-05-26,109.36,Electronics
T101357,C10215,2025-11-20,290.93,Clothing
T102582,C10396,2025-08-12,105.61,Home & Kitchen
T101452,C10227,2025-11-03,55.94,Clothing
T105018,C10771,2025-06-15,76.23,Groceries
T102716,C10419,2025-08-25,368.3,Groceries
T105014,C10771,2026-04-20,75.05,Home & Kitchen
T106469,C10983,2025-10-03,92.89,Electronics
T106335,C10964,2025-12-08,87.65,Electronics
T103196,C10489,2025-12-04,70.11,Clothing
T103809,C10580,2025-12-18,386.96,Clothing
T100088,C10016,2025-08-11,145.03,Clothing
T103268,C10499,2025-08-20,94.81,Books
T101773,C10272,2025-11-17,351.63,Clothing
T106345,C10964,2025-10-03,87.53,Groceries
T100217,C10028,2026-01-30,264.56,Home & Kitchen
T106077,C10921,2025-12-25,165.7,Clothing
T100156,C10024,2026-05-26,136.42,Electronics
T103875,C10591,2025-08-05,344.83,Groceries
T104982,C10768,2025-06-01,285.39,Clothing
T100230,C10028,2025-12-30,239.89,Electronics
T102977,C10461,2025-10-09,69.4,Clothing
T106398,C10972,2025-06-19,353.42,Clothing
T102399,C10368,2026-01-20,88.02,Clothing
T102885,C10444,2025-12-17,95.59,Home & Kitchen
T105627,C10856,2026-05-06,210.65,Clothing
T104140,C10628,2026-01-02,364.1,Clothing
T105419,C10829,2025-12-17,85.68,Electronics
T101038,C10152,2025-12-12,261.57,Electronics
T100198,C10027,2025-09-24,220.09,Beauty & Personal Care
T100743,C10108,2026-01-17,68.95,Home & Kitchen
T100828,C10126,2026-05-27,19.65,Clothing
T105913,C10897,2025-07-29,107.78,Electronics
T104988,C10769,2025-11-29,37.15,Clothing
T106228,C10948,2025-06-07,63.11,Electronics
T101566,C10248,2025-06-02,226.16,Electronics
T104252,C10646,2026-02-02,26.31,Home & Kitchen
T102117,C10325,2025-12-30,286.68,Groceries
T102098,C10324,2026-02-25,26.97,Groceries
T103007,C10466,2026-01-06,81.2,Groceries
T103922,C10600,2026-02-19,93.3,Groceries
T105071,C10776,2025-09-16,96.47,Clothing
T106564,C10998,2026-03-07,202.79,Books
T101400,C10218,2025-12-27,39.0,Groceries
T106383,C10969,2026-04-08,19.04,Beauty & Personal Care
T104434,C10685,2026-01-22,19.45,Electronics
T102552,C10390,2026-04-24,24.92,Electronics
T103207,C10491,2026-02-20,47.71,Groceries
T106234,C10948,2026-01-30,47.34,Home & Kitchen
T101897,C10291,2026-05-03,112.4,Books
T103692,C10566,2026-05-13,340.79,Electronics
T100763,C10112,2025-11-02,87.07,Home & Kitchen
T100864,C10132,2025-11-20,228.98,Groceries
T103787,C10577,2025-12-12,81.4,Home & Kitchen
T106107,C10923,2025-08-01,131.72,Clothing
T106342,C10964,2025-09-27,84.24,Clothing
T105863,C10891,2025-11-03,74.25,Electronics
T106119,C10925,2026-01-25,48.64,Clothing
T100756,C10110,2026-05-04,64.91,Groceries
T102164,C10328,2025-11-15,344.73,Home & Kitchen
T106322,C10963,2025-10-01,179.2,Groceries
T100208,C10027,2025-09-21,242.93,Electronics
T103830,C10583,2025-06-27,91.08,Electronics
T101176,C10180,2026-02-09,31.28,Clothing
T102801,C10432,2025-07-10,115.44,Electronics
T101193,C10184,2026-01-14,32.18,Electronics
T101992,C10304,2026-04-06,42.26,Groceries
T106189,C10941,2026-05-12,285.27,Groceries
T104937,C10763,2025-06-07,123.72,Electronics
T104155,C10633,2026-01-03,76.94,Groceries
T105263,C10803,2026-01-12,82.57,Clothing
T106134,C10927,2026-05-04,71.5,Books
T104787,C10743,2025-11-20,151.68,Beauty & Personal Care
T105812,C10882,2026-03-18,75.51,Electronics
T105637,C10856,2025-10-19,112.63,Electronics
T104457,C10689,2026-05-25,29.51,Groceries
T106393,C10972,2026-03-23,276.18,Groceries
T106312,C10962,2025-09-21,13.35,Electronics
T102966,C10458,2025-07-28,348.01,Clothing
T104336,C10662,2026-01-01,35.47,Clothing
T100538,C10074,2025-09-01,113.53,Clothing
T103612,C10557,2025-08-28,306.95,Electronics
T100549,C10075,2026-04-13,45.12,Electronics
T102283,C10346,2026-05-21,88.24,Groceries
T101163,C10178,2025-10-05,33.45,Groceries
T105843,C10888,2026-02-20,5.91,Clothing
T105836,C10886,2026-05-04,11.99,Groceries
T105380,C10822,2025-12-07,279.11,Clothing
T102944,C10454,2025-06-19,30.55,Clothing
T101499,C10231,2026-04-24,47.61,Clothing
T101488,C10230,2026-05-30,195.22,Groceries
T100764,C10112,2026-05-17,105.75,Clothing
T103352,C10516,2026-03-03,89.77,Electronics
T105146,C10787,2026-04-11,20.31,Groceries
T103379,C10521,2025-11-13,39.19,Clothing
T102499,C10383,2025-12-29,336.15,Groceries
T100833,C10128,2025-10-26,176.8,Books
T105386,C10823,2025-10-04,104.71,Clothing
T104834,C10749,2025-11-09,24.36,Beauty & Personal Care
T105697,C10865,2025-06-11,61.7,Beauty & Personal Care
T104323,C10660,2026-03-02,29.19,Beauty & Personal Care
T105365,C10820,2026-05-05,269.18,Groceries
T102197,C10334,2026-03-26,91.99,Books
T106467,C10983,2025-12-22,95.6,Clothing
T100503,C10065,2026-01-02,18.29,Home & Kitchen
T105540,C10849,2026-04-10,300.79,Home & Kitchen
T104025,C10612,2025-12-05,245.46,Clothing
T102753,C10423,2025-11-24,25.33,Clothing
T101339,C10213,2026-03-31,259.66,Clothing
T101022,C10152,2025-12-17,249.13,Groceries
T100037,C10011,2026-01-03,33.76,Home & Kitchen
T102447,C10375,2026-03-30,284.66,Clothing
T101862,C10286,2026-01-04,75.67,Electronics
T100747,C10109,2026-02-21,84.74,Electronics
T100296,C10033,2025-10-02,339.37,Groceries
T101617,C10250,2025-07-09,274.84,Groceries
T103515,C10540,2025-09-25,43.34,Clothing
T103078,C10473,2025-06-23,34.0,Groceries
T102880,C10443,2025-11-09,34.04,Beauty & Personal Care
T101385,C10216,2025-12-11,55.17,Clothing
T105518,C10847,2025-07-13,77.73,Books
T103148,C10482,2025-06-05,285.69,Electronics
T102227,C10336,2026-05-14,315.54,Groceries
T102138,C10327,2025-11-09,9.0,Electronics
T100696,C10103,2025-07-13,108.26,Groceries
T104631,C10710,2026-02-20,16.12,Clothing
T106237,C10948,2026-04-18,51.46,Home & Kitchen
T101421,C10224,2025-07-11,100.45,Clothing
T101926,C10296,2025-10-13,14.72,Clothing
T101323,C10212,2026-03-06,36.71,Groceries
T104503,C10693,2026-05-15,73.5,Electronics
T105851,C10890,2026-04-18,51.99,Beauty & Personal Care
T101221,C10191,2026-01-28,76.57,Books
T101477,C10230,2025-06-15,292.48,Clothing
T103795,C10579,2026-02-11,95.35,Groceries
T102287,C10346,2025-12-03,99.18,Electronics
T100585,C10079,2025-10-10,324.66,Electronics
T101056,C10157,2025-11-01,50.36,Home & Kitchen
T100712,C10105,2025-06-17,13.32,Groceries
T100805,C10121,2025-06-09,80.99,Clothing
T104482,C10691,2026-04-24,117.93,Electronics
T105253,C10802,2025-06-17,42.45,Groceries
T104819,C10747,2025-06-14,47.45,Clothing
T101741,C10269,2026-01-08,86.26,Clothing
T102609,C10401,2025-08-29,37.07,Groceries
T101893,C10290,2025-12-23,52.2,Groceries
T101789,C10275,2026-04-17,48.44,Electronics
T101507,C10232,2026-01-01,73.33,Clothing
T100346,C10044,2026-04-03,22.77,Electronics
T101219,C10190,2025-11-10,55.33,Electronics
T100706,C10104,2026-04-23,72.18,Clothing
T106507,C10990,2025-09-29,82.45,Groceries
T104817,C10747,2026-03-04,38.52,Home & Kitchen
T100676,C10100,2026-05-03,17.06,Groceries
T105460,C10837,2026-05-05,37.69,Clothing
T100157,C10024,2025-06-20,115.54,Beauty & Personal Care
T100351,C10045,2026-05-11,77.61,Beauty & Personal Care
T100960,C10145,2026-02-01,72.17,Books
T103306,C10506,2025-11-10,43.45,Clothing
T101743,C10269,2026-03-01,106.22,Electronics
T102662,C10409,2025-07-13,33.92,Home & Kitchen
T100435,C10056,2025-09-10,105.18,Books
T104586,C10704,2026-02-18,86.25,Electronics
T102465,C10376,2025-09-04,114.92,Clothing
T106089,C10922,2025-09-01,80.06,Beauty & Personal Care
T102934,C10453,2026-05-17,119.22,Groceries
T105771,C10876,2025-12-20,103.95,Electronics
T104369,C10669,2025-07-29,77.25,Electronics
T100476,C10060,2026-02-08,372.61,Electronics
T102929,C10452,2025-09-18,37.23,Groceries
T102304,C10348,2025-12-27,98.42,Clothing
T103357,C10516,2026-05-23,51.42,Books
T104595,C10705,2026-02-15,74.96,Groceries
T106529,C10994,2026-03-18,77.46,Beauty & Personal Care
T101075,C10158,2026-03-07,248.14,Electronics
T106555,C10998,2025-06-20,133.74,Beauty & Personal Care
T103958,C10603,2026-01-06,29.56,Beauty & Personal Care
T105399,C10826,2026-02-26,40.5,Electronics
T103578,C10554,2025-08-09,60.64,Clothing
T103065,C10471,2026-05-06,186.19,Home & Kitchen
T103012,C10467,2026-02-09,252.82,Electronics
T100079,C10015,2025-10-03,206.13,Groceries
T100167,C10025,2025-10-12,91.83,Electronics
T105403,C10827,2026-02-07,98.77,Clothing
T102548,C10389,2026-01-13,26.66,Groceries
T102758,C10424,2025-12-30,81.26,Electronics
T105695,C10865,2025-11-21,80.74,Home & Kitchen
T105792,C10880,2025-08-18,38.23,Clothing
T105151,C10788,2026-01-04,24.55,Clothing
T103035,C10467,2026-04-07,339.52,Books
T101352,C10214,2025-11-13,90.65,Electronics
T100179,C10026,2025-08-03,303.28,Groceries
T100378,C10049,2025-08-18,404.35,Home & Kitchen
T104656,C10717,2025-09-09,46.56,Home & Kitchen
T106461,C10982,2025-10-10,37.84,Electronics
T102572,C10393,2025-09-06,77.58,Electronics
T101807,C10278,2026-02-05,84.4,Clothing
T105114,C10780,2026-01-24,48.28,Groceries
T104162,C10634,2025-12-23,42.99,Groceries
T105205,C10797,2026-01-07,80.65,Clothing
T106391,C10971,2025-12-24,108.91,Beauty & Personal Care
T100752,C10110,2025-11-03,42.87,Groceries
T102299,C10348,2026-02-10,45.94,Beauty & Personal Care
T104793,C10743,2026-01-10,197.43,Clothing
T102578,C10395,2025-09-17,45.4,Beauty & Personal Care
T102571,C10393,2026-04-20,60.35,Clothing
T100050,C10013,2025-08-18,113.17,Clothing
T101188,C10182,2025-12-08,111.18,Groceries
T106066,C10920,2026-02-16,38.62,Beauty & Personal Care
T103764,C10576,2025-08-27,203.22,Groceries
T102505,C10383,2025-07-30,277.88,Electronics
T101726,C10267,2025-07-13,21.93,Books
T105396,C10824,2025-12-03,38.62,Clothing
T104666,C10719,2025-06-08,41.52,Beauty & Personal Care
T101543,C10239,2025-07-04,22.08,Beauty & Personal Care
T105678,C10861,2025-08-13,313.57,Groceries
T100308,C10036,2025-07-22,69.7,Beauty & Personal Care
T104119,C10625,2025-07-28,257.89,Home & Kitchen
T101153,C10176,2025-07-01,32.79,Home & Kitchen
T100733,C10107,2025-08-02,98.17,Books
T102398,C10368,2026-05-24,90.09,Home & Kitchen
T100472,C10060,2026-01-24,268.02,Books
T102722,C10419,2025-07-30,284.08,Electronics
T104993,C10770,2026-02-06,323.49,Groceries
T105669,C10860,2026-05-16,35.97,Clothing
T103316,C10511,2025-11-10,22.81,Home & Kitchen
T103349,C10516,2026-05-23,81.29,Groceries
T102519,C10384,2025-07-21,77.94,Clothing
T105416,C10828,2026-02-26,39.77,Groceries
T101412,C10222,2025-06-23,62.31,Clothing
T101860,C10286,2025-12-13,61.75,Clothing
T104412,C10678,2025-08-15,17.81,Groceries
T105395,C10824,2026-01-26,41.43,Clothing
T101181,C10181,2026-01-22,73.64,Electronics
T105723,C10867,2025-07-30,132.2,Groceries
T100496,C10062,2026-03-11,37.48,Clothing
T103934,C10601,2025-08-08,44.24,Home & Kitchen
T103209,C10491,2026-01-13,45.81,Electronics
T100561,C10076,2025-10-27,97.52,Clothing
T100093,C10016,2025-06-08,155.13,Books
T105458,C10837,2025-07-02,32.69,Home & Kitchen
T105758,C10874,2025-11-17,32.19,Books
T101405,C10220,2026-02-01,13.84,Electronics
T101199,C10186,2026-05-13,41.07,Electronics
T103705,C10566,2025-10-08,295.26,Groceries
T101005,C10149,2025-09-24,367.84,Clothing
T100322,C10038,2025-11-03,43.88,Electronics
T100248,C10030,2026-01-19,128.49,Clothing
T106520,C10991,2026-03-28,16.94,Clothing
T105701,C10867,2026-03-18,151.53,Home & Kitchen
T103698,C10566,2025-06-07,326.54,Electronics
T105681,C10862,2025-07-07,30.91,Groceries
T100746,C10109,2025-06-29,98.87,Beauty & Personal Care
T103414,C10524,2025-12-14,19.24,Home & Kitchen
T106046,C10918,2025-12-31,70.32,Groceries
T104701,C10728,2026-03-11,48.78,Clothing
T104464,C10690,2025-07-10,51.51,Electronics
T105527,C10848,2026-02-27,236.19,Electronics
T101669,C10259,2026-05-30,225.51,Electronics
T100091,C10016,2026-03-09,219.95,Electronics
T102656,C10407,2026-03-30,38.81,Books
T100318,C10038,2025-07-04,61.02,Clothing
T103043,C10468,2025-08-07,172.23,Electronics
T102370,C10361,2025-11-15,59.07,Electronics
T104545,C10700,2026-05-20,94.43,Clothing
T105321,C10813,2025-07-30,79.43,Clothing
T106302,C10959,2025-07-06,95.05,Clothing
T102836,C10434,2026-02-14,366.85,Beauty & Personal Care
T101720,C10266,2025-11-12,207.45,Clothing
T105576,C10852,2025-10-07,90.18,Books
T100017,C10006,2025-09-28,94.39,Beauty & Personal Care
T104220,C10644,2026-03-15,56.27,Electronics
T102181,C10330,2026-05-10,78.31,Clothing
T102338,C10355,2026-04-24,98.08,Clothing
T104307,C10657,2025-08-28,109.06,Clothing
T105770,C10876,2025-06-06,134.74,Groceries
T106257,C10953,2026-03-02,20.07,Groceries
T102549,C10389,2025-07-23,31.99,Electronics
T104453,C10688,2026-05-21,85.57,Clothing
T105705,C10867,2025-09-20,58.1,Books
T103704,C10566,2025-08-24,272.86,Beauty & Personal Care
T105103,C10778,2025-08-12,108.26,Beauty & Personal Care
T101158,C10178,2025-12-28,72.86,Books
T104730,C10730,2026-05-02,84.44,Electronics
T105979,C10906,2026-05-07,30.42,Electronics
T105978,C10906,2025-08-21,29.18,Home & Kitchen
T105764,C10876,2026-05-01,108.02,Groceries
T105829,C10884,2025-08-04,51.44,Beauty & Personal Care
T106005,C10911,2025-12-17,21.63,Groceries
T102623,C10404,2026-04-12,325.05,Beauty & Personal Care
T104732,C10730,2025-09-03,86.58,Groceries
T105525,C10848,2026-02-28,204.95,Clothing
T103499,C10536,2025-12-13,193.15,Electronics
T100265,C10031,2025-11-07,221.14,Home & Kitchen
T103630,C10558,2026-02-17,340.16,Groceries
T102905,C10447,2026-05-03,19.34,Beauty & Personal Care
T103308,C10508,2025-12-26,28.43,Groceries
T100932,C10140,2026-04-03,188.08,Groceries
T103501,C10536,2026-04-27,179.62,Electronics
T104475,C10691,2025-10-10,185.89,Groceries
T100014,C10005,2026-04-13,67.91,Beauty & Personal Care
T102618,C10403,2025-08-16,25.58,Groceries
T103720,C10569,2025-09-17,33.5,Electronics
T105359,C10819,2026-01-04,38.5,Home & Kitchen
T100008,C10003,2025-11-22,30.33,Clothing
T105480,C10842,2026-04-11,442.05,Groceries
T105832,C10885,2025-12-16,23.3,Home & Kitchen
T100332,C10039,2025-10-14,97.68,Groceries
T101034,C10152,2026-01-17,226.19,Home & Kitchen
T103250,C10496,2026-06-01,329.24,Clothing
T106007,C10912,2025-07-01,68.93,Home & Kitchen
T105477,C10842,2026-01-27,343.07,Beauty & Personal Care
T106440,C10978,2025-11-03,30.14,Electronics
T101501,C10231,2026-05-31,41.89,Books
T104529,C10696,2026-01-10,174.03,Electronics
T104402,C10675,2025-06-25,38.73,Beauty & Personal Care
T102168,C10329,2025-10-27,104.75,Groceries
T102742,C10422,2026-04-08,291.0,Groceries
T101370,C10215,2026-03-18,262.7,Electronics
T106464,C10983,2025-08-18,84.73,Books
T102446,C10375,2025-09-29,311.09,Clothing
T106514,C10990,2026-01-16,77.26,Electronics
T103661,C10562,2025-11-03,53.26,Clothing
T101235,C10193,2026-01-10,343.87,Groceries
T105543,C10849,2026-02-02,206.45,Beauty & Personal Care
T101599,C10250,2025-12-28,276.03,Clothing
T103662,C10562,2026-01-16,69.78,Books
T105559,C10850,2025-07-07,25.84,Beauty & Personal Care
T100800,C10120,2026-04-10,97.54,Clothing
T102350,C10357,2025-12-29,94.79,Books
T103626,C10558,2026-05-19,268.62,Clothing
T101618,C10251,2025-06-26,41.97,Home & Kitchen
T104504,C10693,2025-10-27,64.09,Groceries
T100196,C10027,2025-07-18,172.99,Beauty & Personal Care
T105272,C10806,2026-03-18,31.58,Clothing
T105097,C10777,2025-06-15,229.0,Electronics
T102333,C10354,2025-09-08,27.99,Electronics
T103504,C10536,2026-04-26,185.89,Electronics
T100432,C10056,2025-11-01,100.03,Groceries
T105677,C10861,2026-02-16,362.84,Books
T103601,C10557,2025-09-21,279.94,Books
T105740,C10872,2026-03-28,73.43,Groceries
T102166,C10329,2026-04-01,96.1,Home & Kitchen
T102987,C10462,2026-04-05,98.76,Groceries
T104733,C10730,2026-01-12,109.38,Home & Kitchen
T100084,C10015,2025-06-28,265.08,Groceries
T103773,C10576,2026-04-21,153.94,Groceries
T102794,C10430,2025-10-17,213.5,Groceries
T103045,C10468,2025-08-12,58.52,Clothing
T100425,C10054,2025-07-11,310.89,Groceries
T104333,C10661,2025-09-15,99.21,Clothing
T105339,C10814,2026-01-12,121.1,Electronics
T103832,C10584,2025-12-24,37.98,Clothing
T102185,C10331,2026-01-13,41.15,Groceries
T101433,C10225,2026-03-12,95.9,Clothing
T106098,C10923,2025-06-06,186.41,Books
T105533,C10848,2025-09-12,246.06,Clothing
T101047,C10157,2025-12-29,27.09,Clothing
T103076,C10472,2026-05-29,32.68,Groceries
T106337,C10964,2026-05-24,79.72,Groceries
T104645,C10715,2026-03-16,88.38,Books
T100185,C10026,2025-12-12,202.97,Groceries
T105066,C10776,2026-04-27,100.24,Beauty & Personal Care
T102107,C10325,2026-04-12,368.32,Clothing
T102153,C10328,2026-03-23,277.24,Clothing
T103711,C10566,2026-03-21,214.09,Groceries
T104099,C10620,2025-08-03,20.0,Electronics
T105152,C10788,2025-10-30,31.4,Groceries
T100486,C10061,2025-12-03,79.6,Electronics
T105710,C10867,2025-08-30,166.74,Home & Kitchen
T104814,C10746,2026-05-08,46.2,Clothing
T103805,C10580,2025-09-16,372.1,Beauty & Personal Care
T103075,C10471,2025-07-25,261.02,Beauty & Personal Care
T104189,C10639,2025-09-27,84.23,Beauty & Personal Care
T100683,C10101,2026-01-21,65.35,Electronics
T101411,C10222,2025-12-07,63.81,Electronics
T104947,C10766,2026-05-17,61.33,Clothing
T105213,C10798,2025-08-31,198.39,Beauty & Personal Care
T100228,C10028,2025-07-03,240.64,Clothing
T105513,C10847,2026-01-21,100.2,Beauty & Personal Care
T104088,C10618,2026-04-26,89.77,Books
T102676,C10412,2025-07-12,87.1,Groceries
T104693,C10726,2025-09-03,61.49,Groceries
T101721,C10266,2025-07-29,168.82,Clothing
T101261,C10200,2025-10-23,108.38,Groceries
T105969,C10904,2026-04-20,68.93,Electronics
T101253,C10198,2025-08-31,44.48,Books
T101768,C10272,2026-03-09,348.06,Home & Kitchen
T101420,C10224,2025-09-29,92.44,Home & Kitchen
T100622,C10086,2026-05-17,96.84,Books
T103050,C10470,2026-02-07,17.61,Groceries
T106329,C10963,2025-12-14,204.15,Beauty & Personal Care
T104447,C10688,2026-03-22,82.62,Clothing
T104190,C10639,2026-05-15,91.12,Groceries
T103684,C10563,2025-11-05,261.92,Groceries
T103126,C10481,2026-05-03,58.79,Books
T100254,C10031,2025-06-16,207.56,Books
T101101,C10164,2025-07-20,10.97,Clothing
T106097,C10923,2025-06-16,179.13,Groceries
T100221,C10028,2025-10-01,183.04,Clothing
T103279,C10502,2026-03-21,17.83,Clothing
T104562,C10701,2025-09-03,233.68,Beauty & Personal Care
T100065,C10015,2026-05-10,373.32,Groceries
T104489,C10691,2025-07-16,160.26,Electronics
T101215,C10189,2025-06-28,115.45,Groceries
T102112,C10325,2025-09-27,338.44,Home & Kitchen
T102764,C10424,2026-03-30,102.02,Groceries
T101869,C10286,2025-12-10,57.61,Groceries
T102850,C10436,2025-10-27,75.01,Books
T101175,C10179,2025-07-03,54.32,Groceries
T103162,C10484,2025-10-26,181.11,Groceries
T101212,C10189,2025-09-14,85.96,Home & Kitchen
T101662,C10258,2025-11-08,48.42,Groceries
T103066,C10471,2026-03-26,257.86,Books
T101039,C10152,2026-04-13,302.7,Clothing
T104890,C10757,2025-12-21,194.05,Groceries
T103025,C10467,2026-04-28,297.75,Home & Kitchen
T105420,C10829,2025-09-24,103.87,Clothing
T102345,C10356,2025-11-21,42.22,Books
T103299,C10504,2025-06-10,100.72,Electronics
T104618,C10708,2025-06-13,98.58,Groceries
T100376,C10049,2025-07-29,338.47,Home & Kitchen
T100543,C10075,2025-09-19,75.8,Clothing
T101328,C10213,2025-09-21,190.66,Electronics
T102815,C10433,2025-06-22,335.59,Electronics
T100291,C10033,2026-04-02,269.74,Groceries
T102759,C10424,2026-03-28,107.56,Home & Kitchen
T103975,C10605,2025-08-04,82.99,Electronics
T101879,C10287,2026-02-03,62.44,Clothing
T101195,C10185,2026-01-31,38.02,Electronics
T100177,C10026,2026-05-07,239.95,Books
T102515,C10384,2026-02-28,95.63,Groceries
T105284,C10809,2026-02-16,30.88,Groceries
T101375,C10215,2025-07-10,260.88,Clothing
T104102,C10621,2026-01-05,26.01,Clothing
T100501,C10064,2025-12-01,27.84,Groceries
T103910,C10598,2025-11-29,55.11,Groceries
T102995,C10464,2026-05-18,40.8,Clothing
T102755,C10423,2025-07-15,23.83,Clothing
T103767,C10576,2025-06-15,257.11,Electronics
T106086,C10921,2026-04-28,194.95,Groceries
T101553,C10243,2025-06-25,73.23,Groceries
T105425,C10829,2026-03-22,113.2,Books
T105507,C10847,2026-01-20,58.34,Groceries
T106424,C10975,2026-05-31,39.91,Home & Kitchen
T102860,C10438,2025-09-10,45.91,Clothing
T101729,C10268,2025-09-18,115.19,Beauty & Personal Care
T105481,C10842,2025-07-20,366.59,Home & Kitchen
T100168,C10026,2026-04-02,155.0,Clothing
T105243,C10800,2025-10-01,302.95,Electronics
T103559,C10552,2026-01-08,51.32,Home & Kitchen
T103128,C10481,2025-11-03,88.52,Groceries
T102392,C10368,2025-11-07,64.53,Clothing
T106288,C10956,2025-10-17,33.49,Books
T100319,C10038,2025-07-08,54.2,Home & Kitchen
T101608,C10250,2026-01-08,328.58,Groceries
T102576,C10395,2025-06-29,51.32,Clothing
T104343,C10664,2025-08-21,72.41,Home & Kitchen
T101436,C10225,2025-06-07,100.92,Groceries
T103213,C10493,2026-04-25,76.54,Electronics
T103492,C10536,2025-07-14,235.79,Clothing
T104490,C10691,2025-12-11,179.96,Groceries
T100506,C10066,2025-06-23,68.23,Groceries
T102647,C10406,2025-10-30,14.57,Groceries
T102992,C10463,2025-09-11,39.09,Groceries
T100216,C10028,2025-08-21,237.76,Groceries
T105265,C10804,2025-07-28,36.32,Groceries
T104329,C10661,2026-04-02,90.2,Electronics
T101888,C10289,2025-06-03,48.91,Beauty & Personal Care
T103429,C10527,2026-04-05,29.84,Clothing
T102864,C10438,2025-10-21,60.01,Groceries
T103003,C10465,2025-06-12,93.96,Books
T101468,C10229,2026-05-27,40.2,Electronics
T101803,C10278,2026-03-17,54.07,Groceries
T103008,C10466,2025-08-16,120.65,Electronics
T100333,C10040,2025-08-20,28.17,Electronics
T103340,C10514,2026-02-14,319.39,Books
T106575,C10998,2026-05-17,261.68,Clothing
T104587,C10704,2026-05-02,84.71,Electronics
T104349,C10667,2025-07-18,18.17,Clothing
T106157,C10934,2025-07-25,67.62,Clothing
T102431,C10374,2026-01-18,54.35,Home & Kitchen
T101550,C10241,2025-08-07,25.28,Clothing
T103442,C10531,2026-04-16,208.74,Clothing
T101544,C10240,2026-02-22,25.67,Home & Kitchen
T101410,C10222,2025-12-07,75.39,Beauty & Personal Care
T103979,C10605,2026-01-06,64.37,Books
T100437,C10056,2025-12-13,83.37,Home & Kitchen
T103996,C10607,2026-02-24,32.6,Clothing
T100755,C10110,2026-03-25,97.0,Electronics
T105217,C10798,2025-10-21,153.08,Clothing
T101512,C10234,2026-03-13,36.64,Electronics
T103231,C10495,2025-07-18,66.14,Home & Kitchen
T104030,C10612,2025-08-25,304.49,Home & Kitchen
T102775,C10427,2026-05-19,28.33,Groceries
T103980,C10605,2025-06-05,100.55,Clothing
T100259,C10031,2025-09-20,322.26,Home & Kitchen
T101097,C10163,2025-10-30,46.77,Clothing
T101149,C10175,2025-09-30,55.16,Clothing
T105951,C10902,2026-01-07,82.21,Electronics
T102820,C10433,2025-11-02,280.94,Groceries
T102617,C10403,2025-09-08,23.7,Electronics
T103909,C10597,2026-05-14,28.34,Groceries
T102133,C10326,2026-01-18,109.57,Clothing
T105343,C10815,2026-05-11,17.09,Clothing
T100599,C10083,2026-03-20,82.64,Groceries
T100045,C10012,2025-06-02,34.46,Books
T105054,C10775,2025-11-09,34.95,Clothing
T102615,C10402,2026-04-13,97.66,Clothing
T103295,C10504,2026-04-13,67.53,Home & Kitchen
T105762,C10875,2026-01-03,11.44,Groceries
T102644,C10405,2026-05-21,13.37,Home & Kitchen
T100323,C10038,2025-10-06,87.54,Electronics
T102402,C10368,2025-09-23,78.78,Electronics
T103139,C10482,2025-11-02,277.84,Groceries
T104479,C10691,2026-02-21,212.89,Groceries
T106295,C10959,2025-06-27,90.85,Books
T104305,C10657,2026-03-23,74.11,Clothing
T101183,C10181,2025-06-01,29.2,Books
T104952,C10766,2025-08-09,93.2,Electronics
T106027,C10914,2025-11-08,32.12,Electronics
T100231,C10028,2026-01-02,287.23,Clothing
T100576,C10079,2025-07-11,324.03,Clothing
T102899,C10445,2025-07-20,91.33,Clothing
T106188,C10941,2026-05-17,220.19,Electronics
T101820,C10281,2026-02-02,87.25,Beauty & Personal Care
T100447,C10058,2026-04-18,228.35,Groceries
T102273,C10344,2026-01-03,29.01,Clothing
T100426,C10054,2025-12-13,194.21,Groceries
T104128,C10626,2026-03-01,61.96,Home & Kitchen
T102881,C10443,2026-01-13,35.8,Home & Kitchen
T100410,C10051,2026-05-21,304.22,Clothing
T100041,C10011,2025-06-06,65.73,Groceries
T103090,C10475,2026-01-08,46.04,Groceries
T102173,C10329,2026-02-12,110.54,Clothing
T103892,C10593,2025-10-18,30.21,Electronics
T101535,C10237,2025-12-24,55.45,Clothing
T104528,C10696,2025-09-02,198.93,Clothing
T105485,C10842,2025-07-13,381.32,Groceries
T105271,C10806,2026-01-17,50.51,Groceries
T106532,C10994,2025-12-30,112.61,Electronics
T100019,C10006,2026-04-22,68.49,Beauty & Personal Care
T105683,C10862,2025-08-22,32.86,Groceries
T104845,C10750,2025-09-10,246.88,Groceries
T101966,C10301,2025-06-05,304.83,Electronics
T105649,C10859,2025-12-04,348.82,Books
T100626,C10087,2026-02-04,20.3,Electronics
T103574,C10553,2025-06-14,85.47,Electronics
T100199,C10027,2025-08-15,160.03,Electronics
T101902,C10291,2026-05-12,106.01,Electronics
T105389,C10823,2025-10-28,51.78,Groceries
T102594,C10397,2025-08-01,37.09,Books
T100051,C10013,2025-08-22,102.54,Home & Kitchen
T106284,C10955,2025-10-28,29.48,Groceries
T102642,C10404,2026-01-21,212.15,Groceries
T101042,C10153,2025-12-17,31.79,Clothing
T101964,C10301,2025-12-13,342.48,Electronics
T106203,C10943,2025-12-10,291.21,Electronics
T101174,C10179,2026-05-24,47.22,Clothing
T106315,C10963,2026-04-11,234.41,Books
T100101,C10017,2026-02-05,315.01,Electronics
T106572,C10998,2025-12-17,311.03,Home & Kitchen
T106021,C10913,2025-09-13,113.45,Electronics
T104386,C10671,2025-10-19,74.14,Clothing
T101074,C10158,2026-03-16,322.64,Electronics
T103150,C10483,2026-04-02,41.32,Groceries
T100620,C10086,2026-04-26,56.76,Groceries
T103758,C10575,2026-02-14,98.22,Electronics
T105096,C10777,2026-03-23,329.54,Clothing
T101755,C10272,2025-06-06,410.59,Home & Kitchen
T103583,C10554,2025-10-21,54.53,Beauty & Personal Care
T101921,C10295,2026-02-02,113.79,Electronics
T102094,C10322,2025-11-12,84.83,Electronics
T101632,C10254,2026-05-03,93.75,Clothing
T105094,C10777,2026-02-15,279.33,Electronics
T100672,C10098,2025-12-02,28.99,Electronics
T105828,C10883,2025-11-01,79.39,Electronics
T104883,C10757,2025-09-26,258.92,Clothing
T103245,C10496,2026-03-25,337.67,Home & Kitchen
T101858,C10285,2026-02-23,36.23,Clothing
T100705,C10104,2025-06-30,100.48,Electronics
T102245,C10339,2025-09-03,24.62,Electronics
T106182,C10939,2025-07-15,82.68,Home & Kitchen
T103946,C10602,2026-04-13,281.03,Beauty & Personal Care
T103479,C10535,2025-12-09,80.84,Home & Kitchen
T104810,C10745,2025-10-24,21.77,Electronics
T106323,C10963,2026-01-09,263.9,Home & Kitchen
T101832,C10283,2026-04-19,104.81,Home & Kitchen
T103185,C10488,2026-04-06,123.74,Groceries
T100527,C10071,2026-05-10,39.59,Electronics
T103405,C10522,2025-12-11,219.23,Clothing
T104078,C10617,2025-06-11,234.82,Clothing
T103796,C10579,2025-08-15,97.77,Groceries
T100565,C10078,2025-06-22,67.7,Clothing
T100586,C10080,2026-04-18,53.74,Home & Kitchen
T106472,C10984,2026-01-08,107.51,Electronics
T103807,C10580,2025-06-27,247.99,Books
T103933,C10601,2025-08-29,47.74,Electronics
T101606,C10250,2026-02-21,318.56,Home & Kitchen
T101115,C10167,2026-03-02,90.12,Electronics
T105921,C10897,2025-11-22,104.11,Beauty & Personal Care
T100730,C10107,2026-05-31,193.09,Groceries
T106173,C10939,2025-06-16,88.81,Clothing
T105313,C10811,2026-04-08,254.28,Clothing
T106072,C10921,2025-09-09,219.72,Clothing
T100408,C10051,2025-07-09,274.66,Home & Kitchen
T105774,C10877,2026-02-06,94.4,Electronics
T100325,C10039,2025-12-12,78.33,Home & Kitchen
T101244,C10193,2025-11-25,229.45,Home & Kitchen
T102586,C10396,2025-06-08,86.62,Electronics
T102228,C10336,2026-04-17,252.23,Groceries
T100290,C10033,2025-10-11,283.98,Clothing
T105811,C10882,2025-06-30,93.85,Beauty & Personal Care
T101197,C10185,2025-07-23,38.58,Electronics
T100865,C10132,2026-03-18,240.24,Groceries
T105857,C10891,2025-08-17,93.39,Books
T105966,C10904,2025-12-15,90.58,Clothing
T102673,C10412,2025-10-17,73.77,Groceries
T103100,C10478,2026-02-25,95.24,Groceries
T104954,C10767,2026-01-27,55.49,Electronics
T106445,C10978,2025-09-16,45.17,Electronics
T103288,C10503,2025-12-20,90.65,Clothing
T101057,C10157,2025-07-10,68.33,Clothing
T102306,C10349,2026-04-18,73.78,Home & Kitchen
T105562,C10851,2026-01-25,93.15,Clothing
T102114,C10325,2026-05-03,373.44,Clothing
T104274,C10647,2026-03-23,126.3,Books
T103509,C10537,2026-05-16,32.59,Beauty & Personal Care
T100371,C10048,2026-01-11,40.29,Beauty & Personal Care
T100994,C10149,2026-03-02,298.08,Books
T104355,C10668,2025-07-23,243.31,Home & Kitchen
T105658,C10859,2026-04-06,370.81,Clothing
T104726,C10729,2025-07-03,258.6,Clothing
T104269,C10647,2025-09-05,273.86,Clothing
T104727,C10729,2025-10-11,223.64,Groceries
T102057,C10313,2025-09-15,112.15,Home & Kitchen
T104696,C10727,2025-11-20,45.67,Books
T105120,C10781,2025-11-25,24.12,Home & Kitchen
T101263,C10200,2026-03-11,93.43,Home & Kitchen
T101760,C10272,2025-11-04,423.9,Clothing
T104075,C10617,2025-08-30,259.89,Electronics
T105733,C10870,2025-09-10,36.76,Clothing
T106151,C10932,2026-03-09,37.0,Groceries
T104766,C10739,2026-03-14,37.04,Home & Kitchen
T103395,C10522,2026-04-17,276.54,Books
T106552,C10998,2025-11-09,223.75,Beauty & Personal Care
T105967,C10904,2025-06-13,96.18,Beauty & Personal Care
T105953,C10902,2026-05-12,93.98,Electronics
T101272,C10201,2026-05-22,77.99,Beauty & Personal Care
T101393,C10217,2025-12-10,53.25,Electronics
T100742,C10108,2025-11-10,59.19,Groceries
T105614,C10854,2025-11-04,88.45,Electronics
T104716,C10729,2025-11-05,367.48,Home & Kitchen
T101471,C10229,2025-08-03,48.99,Groceries
T101360,C10215,2026-02-05,270.58,Groceries
T102407,C10370,2025-08-27,22.54,Clothing
T102317,C10350,2025-12-02,60.61,Books
T101756,C10272,2026-03-12,335.03,Electronics
T100122,C10020,2025-10-04,332.29,Clothing
T105158,C10792,2026-01-21,24.44,Groceries
T104306,C10657,2026-04-22,88.63,Clothing
T102835,C10434,2025-07-21,256.65,Books
T100996,C10149,2026-05-24,438.05,Groceries
T102540,C10387,2025-11-13,78.74,Clothing
T102697,C10418,2026-02-22,34.69,Books
T106362,C10966,2025-10-09,143.49,Home & Kitchen
T104258,C10647,2025-08-14,222.81,Clothing
T101103,C10164,2025-07-05,24.75,Clothing
T106501,C10988,2026-05-25,13.67,Home & Kitchen
T100439,C10056,2026-05-25,103.24,Clothing
T102825,C10434,2025-10-21,356.85,Books
T104687,C10725,2025-06-18,94.42,Clothing
T101242,C10193,2026-05-29,232.83,Electronics
T102095,C10322,2026-02-23,68.11,Groceries
T103116,C10480,2026-03-28,19.42,Groceries
T102526,C10385,2025-07-21,75.1,Home & Kitchen
T105590,C10853,2026-04-06,238.87,Clothing
T104214,C10643,2026-02-18,27.26,Beauty & Personal Care
T103130,C10482,2025-11-02,286.76,Electronics
T106076,C10921,2026-04-30,146.56,Groceries
T103309,C10509,2026-06-01,20.44,Electronics
T102202,C10334,2026-01-25,102.5,Groceries
T105137,C10785,2026-05-10,109.15,Clothing
T101321,C10211,2025-07-15,218.4,Clothing
T106359,C10966,2025-08-21,94.16,Electronics
T104054,C10616,2026-05-28,124.83,Beauty & Personal Care
T104874,C10753,2025-06-28,36.23,Clothing
T102521,C10384,2026-05-12,135.49,Groceries
T104308,C10657,2025-11-10,95.13,Home & Kitchen
T106205,C10943,2026-05-16,276.94,Home & Kitchen
T101600,C10250,2025-07-03,303.29,Clothing
T101945,C10298,2025-09-22,236.33,Groceries
T100279,C10033,2026-03-03,275.12,Groceries
T106074,C10921,2026-04-30,295.84,Clothing
T105048,C10774,2025-12-09,295.21,Home & Kitchen
T106545,C10996,2026-04-10,64.69,Electronics
T101557,C10243,2025-08-03,73.59,Home & Kitchen
T105976,C10905,2025-11-03,29.2,Beauty & Personal Care
T105670,C10860,2025-10-20,41.79,Home & Kitchen
T103443,C10531,2026-02-02,281.12,Groceries
T103133,C10482,2026-05-23,365.97,Books
T101882,C10288,2025-09-26,32.05,Clothing
T102802,C10432,2025-08-07,80.29,Books
T104480,C10691,2026-04-02,100.47,Home & Kitchen
T103964,C10604,2025-09-06,50.59,Clothing
T106385,C10969,2026-01-23,26.02,Clothing
T102312,C10350,2025-08-22,73.32,Groceries
T104215,C10644,2025-12-29,203.78,Home & Kitchen
T105982,C10907,2026-02-09,93.98,Beauty & Personal Care
T106108,C10923,2025-10-13,201.47,Home & Kitchen
T103801,C10579,2026-05-28,76.23,Home & Kitchen
T103094,C10476,2025-12-16,25.37,Home & Kitchen
T100577,C10079,2025-11-06,350.79,Groceries
T104032,C10612,2025-10-27,203.82,Electronics
T101728,C10268,2025-09-16,93.13,Groceries
T100787,C10118,2025-09-08,40.21,Clothing
T104229,C10644,2025-12-21,176.29,Groceries
T105818,C10883,2025-09-30,58.23,Groceries
T102045,C10312,2025-11-23,72.23,Clothing
T105626,C10856,2025-07-17,179.42,Groceries
T104169,C10636,2025-11-19,29.54,Electronics
T105584,C10853,2026-05-08,324.9,Clothing
T103745,C10572,2025-10-22,69.52,Books
T103634,C10558,2025-08-03,331.42,Clothing
T105148,C10787,2026-01-24,24.66,Clothing
T102925,C10450,2025-11-02,35.81,Home & Kitchen
T103386,C10521,2025-11-09,37.87,Electronics
T100321,C10038,2025-08-16,65.08,Beauty & Personal Care
T102619,C10404,2025-08-21,327.32,Groceries
T100473,C10060,2025-11-02,412.12,Groceries
T102949,C10458,2025-07-17,248.86,Clothing
T101425,C10224,2026-04-14,54.87,Electronics
T104046,C10613,2025-09-21,278.21,Clothing
T103362,C10519,2025-12-03,81.9,Electronics
T105962,C10903,2025-11-28,92.41,Clothing
T105179,C10795,2026-05-14,302.69,Clothing
T103733,C10571,2025-12-10,332.24,Groceries
T104194,C10639,2025-11-22,49.38,Clothing
T105517,C10847,2026-01-10,105.72,Home & Kitchen
T106444,C10978,2026-03-18,70.4,Clothing
T105786,C10878,2025-09-03,54.9,Electronics
T105798,C10881,2025-11-19,252.03,Groceries
T100245,C10029,2026-05-06,74.28,Electronics
T100420,C10054,2025-06-29,345.49,Clothing
T104680,C10723,2026-04-15,100.39,Home & Kitchen
T100553,C10076,2026-01-07,70.21,Electronics
T100373,C10049,2025-11-07,342.82,Home & Kitchen
T104731,C10730,2025-07-29,101.53,Groceries
T102754,C10423,2026-01-15,25.72,Beauty & Personal Care
T100736,C10107,2026-03-11,196.1,Home & Kitchen
T105741,C10872,2026-03-20,53.47,Home & Kitchen
T106429,C10977,2026-01-11,80.31,Groceries
T101652,C10257,2025-08-05,41.14,Electronics
T106423,C10975,2025-07-22,43.35,Electronics
T101559,C10244,2025-11-02,19.81,Clothing
T101706,C10265,2026-05-29,64.46,Clothing
T105657,C10859,2026-03-02,299.67,Clothing
T101871,C10287,2026-04-30,71.31,Home & Kitchen
T101406,C10220,2025-06-14,10.52,Clothing
T104292,C10653,2026-01-27,41.11,Books
T101161,C10178,2025-08-07,92.5,Clothing
T105918,C10897,2025-09-30,111.38,Groceries
T103749,C10573,2026-04-23,49.99,Books
T106084,C10921,2026-03-31,205.72,Beauty & Personal Care
T103125,C10481,2026-01-22,98.52,Groceries
T104245,C10645,2025-10-19,204.49,Clothing
T101223,C10191,2025-07-05,78.13,Electronics
T100181,C10026,2026-05-08,124.41,Clothing
T103163,C10484,2026-01-27,169.33,Clothing
T100794,C10120,2025-12-23,67.25,Home & Kitchen
T101046,C10156,2025-07-18,28.88,Home & Kitchen
T104236,C10645,2025-11-11,353.4,Home & Kitchen
T103412,C10524,2026-04-03,31.95,Groceries
T104039,C10613,2025-10-18,208.73,Clothing
T101485,C10230,2026-04-04,318.14,Beauty & Personal Care
T105597,C10853,2026-01-08,252.69,Groceries
T101446,C10226,2025-08-28,89.22,Clothing
T105111,C10780,2026-01-28,88.39,Home & Kitchen
T103433,C10530,2026-01-30,95.65,Groceries
T102763,C10424,2025-07-04,88.75,Books
T104743,C10731,2025-12-08,309.63,Beauty & Personal Care
T100530,C10072,2025-07-24,44.24,Home & Kitchen
T104327,C10661,2026-03-24,109.73,Beauty & Personal Care
T104557,C10701,2025-10-05,296.5,Clothing
T103032,C10467,2026-03-13,339.85,Electronics
T104334,C10661,2026-02-07,103.32,Groceries
T105368,C10820,2025-12-13,319.6,Clothing
T100710,C10105,2026-04-27,17.1,Clothing
T101049,C10157,2026-03-14,71.44,Books
T102683,C10413,2026-03-15,23.92,Groceries
T103334,C10514,2025-08-22,354.06,Groceries
T103870,C10591,2025-06-23,215.73,Clothing
T105528,C10848,2025-08-21,226.57,Electronics
T103846,C10586,2026-05-26,82.88,Clothing
T100347,C10044,2026-01-08,22.98,Groceries
T104932,C10762,2025-11-08,104.42,Books
T103872,C10591,2025-09-19,230.37,Books
T102124,C10325,2025-08-20,337.52,Home & Kitchen
T106115,C10925,2026-05-21,38.33,Electronics
T100907,C10138,2025-08-09,101.56,Groceries
T102522,C10384,2026-05-11,96.22,Home & Kitchen
T105568,C10851,2026-04-05,106.61,Books
T106418,C10974,2025-10-29,19.8,Clothing
T104990,C10769,2025-07-11,25.69,Beauty & Personal Care
T104424,C10680,2026-01-26,30.61,Beauty & Personal Care
T102291,C10347,2026-03-17,21.21,Beauty & Personal Care
T100926,C10140,2025-06-25,232.53,Clothing
T104222,C10644,2025-08-21,175.59,Home & Kitchen
T102252,C10340,2026-04-29,202.51,Clothing
T100015,C10005,2025-12-03,85.35,Home & Kitchen
T105943,C10901,2025-10-30,38.13,Groceries
T100315,C10038,2025-11-22,56.47,Electronics
T105035,C10774,2026-04-08,358.83,Electronics
T105381,C10822,2025-10-24,277.44,Electronics
T106129,C10927,2025-09-27,61.71,Groceries
T104902,C10757,2026-03-05,183.78,Groceries
T104477,C10691,2025-06-07,198.02,Beauty & Personal Care
T106416,C10973,2025-10-30,37.37,Clothing
T103393,C10522,2025-06-15,342.05,Home & Kitchen
T102926,C10451,2025-12-23,20.42,Clothing
T105459,C10837,2025-09-16,36.85,Beauty & Personal Care
T104015,C10611,2026-03-28,55.61,Books
T102684,C10413,2025-09-13,21.93,Electronics
T102445,C10375,2025-10-23,309.55,Beauty & Personal Care
T105475,C10842,2026-04-05,425.9,Beauty & Personal Care
T101558,C10244,2026-05-18,28.63,Groceries
T104928,C10762,2026-03-17,62.05,Home & Kitchen
T104855,C10750,2025-09-01,337.51,Beauty & Personal Care
T105385,C10823,2026-03-15,84.79,Electronics
T102177,C10330,2026-02-24,86.44,Clothing
T102638,C10404,2026-03-27,202.9,Home & Kitchen
T104536,C10697,2025-08-11,30.08,Groceries
T101032,C10152,2025-11-15,270.31,Electronics
T104692,C10726,2025-09-23,67.85,Clothing
T105022,C10772,2026-04-23,50.57,Groceries
T106252,C10951,2026-02-10,47.57,Groceries
T104417,C10679,2026-02-03,58.97,Clothing
T101010,C10150,2025-07-13,75.37,Home & Kitchen
T105503,C10845,2025-10-13,22.61,Home & Kitchen
T101971,C10301,2026-03-18,167.68,Electronics
T100691,C10103,2026-01-12,120.76,Beauty & Personal Care
T102004,C10307,2025-12-17,24.07,Clothing
T102316,C10350,2026-01-20,82.45,Groceries
T103898,C10595,2025-10-23,91.77,Home & Kitchen
T100652,C10095,2025-06-15,28.72,Clothing
T100033,C10011,2025-08-10,47.29,Home & Kitchen
T103002,C10465,2026-03-20,59.44,Clothing
T100044,C10012,2026-01-09,30.67,Electronics
T102942,C10454,2026-03-14,32.13,Books
T103235,C10495,2026-03-04,99.37,Home & Kitchen
T100964,C10145,2025-10-23,61.19,Clothing
T101562,C10245,2026-04-13,21.56,Electronics
T104552,C10700,2025-08-19,98.75,Clothing
T101859,C10286,2026-02-02,67.67,Groceries
T101670,C10259,2025-11-28,186.22,Home & Kitchen
T102843,C10435,2025-07-27,72.89,Home & Kitchen
T105844,C10888,2026-01-13,20.13,Electronics
T105187,C10795,2025-07-03,312.6,Groceries
T103220,C10493,2025-11-08,37.94,Books
T104590,C10704,2025-08-11,61.73,Clothing
T103119,C10481,2025-07-11,112.26,Groceries
T100063,C10015,2026-05-20,245.7,Clothing
T101044,C10155,2026-01-07,16.76,Clothing
T102323,C10352,2026-04-10,44.25,Electronics
T106232,C10948,2025-10-03,47.91,Beauty & Personal Care
T100227,C10028,2025-08-18,222.52,Groceries
T105673,C10861,2025-09-19,436.8,Groceries
T102663,C10410,2025-08-07,38.76,Clothing
T100969,C10146,2025-12-07,30.69,Clothing
T104287,C10652,2025-07-22,38.43,Groceries
T103166,C10484,2025-11-21,184.57,Books
T106275,C10954,2025-12-28,261.4,Clothing
T102895,C10445,2025-08-05,145.91,Beauty & Personal Care
T104350,C10667,2026-03-10,10.8,Groceries
T106160,C10934,2025-09-05,83.54,Groceries
T101634,C10254,2026-05-04,98.39,Clothing
T102577,C10395,2025-06-22,48.98,Clothing
T102654,C10407,2025-10-05,45.32,Clothing
T104458,C10690,2026-05-15,36.94,Electronics
T101192,C10183,2025-06-01,33.1,Clothing
T104903,C10757,2025-08-17,216.49,Electronics
T103337,C10514,2025-08-02,276.63,Beauty & Personal Care
T103527,C10545,2025-11-17,449.07,Home & Kitchen
T105853,C10890,2025-07-04,44.36,Electronics
T102154,C10328,2025-06-29,202.69,Books
T104515,C10696,2025-10-06,155.94,Beauty & Personal Care
T106541,C10996,2026-05-04,30.11,Beauty & Personal Care
T102441,C10375,2025-07-02,365.45,Clothing
T101340,C10213,2026-05-24,259.17,Clothing
T104125,C10625,2025-12-29,255.11,Groceries
T101883,C10289,2026-02-16,47.13,Clothing
T104832,C10749,2026-02-18,36.86,Groceries
T103404,C10522,2025-07-02,367.64,Books
T101595,C10250,2025-12-01,261.94,Groceries
T100641,C10092,2026-04-06,47.85,Electronics
T102024,C10309,2026-01-31,97.79,Clothing
T105583,C10853,2026-02-21,286.08,Beauty & Personal Care
T100297,C10033,2026-04-27,309.75,Groceries
T100303,C10035,2025-10-07,28.61,Clothing
T104746,C10731,2025-10-23,295.83,Electronics
T102879,C10443,2025-07-31,64.8,Clothing
T105461,C10837,2026-04-13,41.17,Clothing
T104275,C10647,2025-12-07,222.33,Beauty & Personal Care
T102477,C10377,2026-01-28,78.59,Groceries
T100655,C10096,2026-01-28,59.14,Groceries
T103123,C10481,2025-12-20,82.06,Electronics
T105519,C10848,2026-02-17,160.39,Electronics
T103599,C10556,2025-06-09,70.02,Clothing
T100240,C10029,2026-05-09,67.41,Groceries
T100783,C10116,2026-05-01,33.22,Groceries
T101018,C10152,2025-09-15,234.33,Home & Kitchen
T105698,C10866,2025-07-19,34.96,Electronics
T100977,C10148,2026-01-22,31.88,Electronics
T105316,C10811,2025-07-03,169.36,Books
T102233,C10337,2026-05-17,36.89,Beauty & Personal Care
T105292,C10810,2025-06-08,175.82,Groceries
T100257,C10031,2025-08-04,248.14,Home & Kitchen
T100893,C10136,2026-01-13,46.48,Electronics
T104004,C10610,2025-07-22,46.62,Clothing
T102678,C10412,2025-06-29,83.29,Home & Kitchen
T106114,C10924,2025-10-18,27.62,Clothing
T106492,C10986,2025-08-24,297.43,Beauty & Personal Care
T106260,C10954,2026-03-14,327.99,Books
T103206,C10490,2026-01-06,21.96,Clothing
T102728,C10420,2026-03-01,97.54,Clothing
T105926,C10898,2025-09-11,97.95,Books
T105140,C10785,2025-07-30,89.6,Groceries
T101839,C10284,2026-01-28,234.94,Beauty & Personal Care
T101374,C10215,2026-02-10,344.9,Electronics
T101509,C10232,2026-03-20,81.16,Beauty & Personal Care
T102119,C10325,2026-05-12,326.85,Home & Kitchen
T105599,C10853,2025-09-01,289.48,Electronics
T102191,C10333,2025-11-04,109.06,Home & Kitchen
T102862,C10438,2025-12-24,37.35,Electronics
T103671,C10563,2025-11-01,275.38,Home & Kitchen
T103541,C10546,2026-05-04,29.25,Home & Kitchen
T105178,C10795,2025-12-22,295.66,Books
T103535,C10545,2025-11-03,425.4,Electronics
T102715,C10419,2025-10-24,232.03,Home & Kitchen
T101092,C10162,2026-02-17,47.61,Groceries
T100124,C10020,2026-03-06,291.49,Groceries
T102900,C10445,2025-11-30,86.33,Clothing
T103822,C10582,2025-08-14,100.32,Clothing
T103893,C10593,2025-09-24,24.67,Clothing
T102131,C10326,2025-12-10,100.99,Groceries
T103774,C10576,2025-07-17,103.38,Groceries
T102770,C10425,2025-11-02,35.28,Beauty & Personal Care
T100598,C10082,2026-03-25,15.08,Home & Kitchen
T100075,C10015,2025-09-30,346.6,Clothing
T101407,C10220,2026-04-23,25.14,Clothing
T106144,C10929,2026-03-04,44.5,Beauty & Personal Care
T103252,C10497,2025-12-02,79.25,Home & Kitchen
T105155,C10789,2026-04-22,20.31,Electronics
T105934,C10898,2026-02-09,112.96,Groceries
T100149,C10024,2025-08-19,112.88,Books
T100453,C10058,2025-08-07,300.54,Groceries
T102579,C10396,2026-03-02,132.78,Electronics
T104756,C10735,2025-07-10,50.27,Books
T103237,C10495,2025-11-03,77.7,Groceries
T100808,C10121,2026-05-19,104.46,Groceries
T101297,C10207,2025-11-30,18.0,Clothing
T103305,C10505,2025-06-12,22.85,Clothing
T101119,C10167,2026-04-24,100.4,Clothing
T100810,C10121,2026-05-02,82.82,Groceries
T101129,C10168,2026-01-01,76.05,Home & Kitchen
T100834,C10128,2025-07-11,213.45,Clothing
T103165,C10484,2026-03-28,116.47,Books
T105047,C10774,2025-06-06,238.01,Clothing
T106292,C10958,2025-10-09,41.89,Books
T101467,C10229,2025-06-26,64.06,Books
T105813,C10882,2025-09-23,59.6,Groceries
T101545,C10240,2025-11-20,31.02,Clothing
T104006,C10610,2025-12-04,26.55,Clothing
T103849,C10587,2026-05-25,48.02,Electronics
T104709,C10729,2025-07-14,246.13,Books
T104593,C10705,2026-01-28,40.02,Groceries
T103984,C10606,2025-07-29,68.61,Beauty & Personal Care
T101027,C10152,2025-11-25,256.35,Electronics
T103370,C10520,2025-08-05,52.76,Groceries
T104894,C10757,2025-10-05,181.94,Electronics
T100349,C10045,2026-03-22,52.28,Home & Kitchen
T103824,C10583,2026-03-22,84.07,Electronics
T100662,C10097,2025-08-02,56.18,Electronics
T100172,C10026,2025-06-23,163.41,Groceries
T103497,C10536,2026-01-08,208.58,Clothing
T104772,C10739,2025-12-26,64.47,Groceries
T100422,C10054,2025-10-04,230.01,Home & Kitchen
T103469,C10534,2026-04-12,101.98,Home & Kitchen
T100881,C10132,2026-02-13,233.08,Books
T102699,C10419,2026-01-29,403.47,Clothing
T105793,C10881,2025-09-11,233.5,Books
T105788,C10879,2025-08-13,19.41,Clothing
T101919,C10295,2026-01-21,95.49,Groceries
T101416,C10222,2026-05-08,56.32,Electronics
T100102,C10017,2025-10-30,318.9,Clothing
T102053,C10313,2026-06-01,94.48,Clothing
T106179,C10939,2026-05-17,121.77,Home & Kitchen
T105208,C10797,2026-02-07,52.85,Books
T105427,C10829,2025-08-15,103.06,Clothing
T101657,C10258,2026-01-18,100.01,Beauty & Personal Care
T104093,C10619,2025-11-21,110.78,Beauty & Personal Care
T102803,C10432,2026-02-01,59.98,Clothing
T105259,C10803,2025-07-01,106.65,Clothing
T100135,C10022,2026-01-03,255.03,Beauty & Personal Care
T104127,C10626,2026-03-09,99.97,Home & Kitchen
T103905,C10596,2026-06-01,33.99,Electronics
T105910,C10895,2025-11-25,188.32,Groceries
T104371,C10669,2025-09-04,65.71,Clothing
T103240,C10496,2025-06-25,299.7,Groceries
T101671,C10259,2026-03-26,179.83,Home & Kitchen
T106430,C10977,2026-01-08,77.88,Groceries
T102981,C10462,2026-02-07,116.44,Home & Kitchen
T103399,C10522,2025-11-18,325.62,Home & Kitchen
T100807,C10121,2025-12-31,78.44,Home & Kitchen
T100462,C10060,2026-03-02,308.79,Electronics
T100879,C10132,2025-07-31,319.04,Home & Kitchen
T105848,C10890,2025-08-06,45.22,Groceries
T101699,C10263,2026-01-06,102.49,Clothing
T104939,C10763,2026-01-11,84.27,Beauty & Personal Care
T102405,C10369,2025-11-14,42.69,Home & Kitchen
T102272,C10343,2026-01-12,17.32,Clothing
T100799,C10120,2026-02-19,83.92,Electronics
T100354,C10046,2025-09-01,80.85,Books
T103153,C10483,2026-03-30,35.24,Groceries
T101073,C10158,2025-12-19,208.67,Clothing
T102254,C10340,2025-08-10,212.45,Electronics
T100144,C10022,2025-12-07,190.53,Home & Kitchen
T100380,C10049,2025-10-18,252.87,Clothing
T103827,C10583,2025-08-26,101.43,Books
T106171,C10938,2026-01-31,25.96,Groceries
T100121,C10020,2025-11-26,216.68,Beauty & Personal Care
T101782,C10274,2025-12-02,75.89,Electronics
T100418,C10054,2025-11-01,301.42,Books
T104428,C10682,2026-02-14,38.33,Electronics
T105171,C10794,2025-11-03,160.5,Groceries
T102812,C10433,2025-07-11,381.82,Clothing
T102268,C10342,2025-06-22,26.19,Beauty & Personal Care
T101554,C10243,2026-05-01,82.24,Beauty & Personal Care
T100555,C10076,2026-02-05,60.21,Home & Kitchen
T102787,C10430,2026-02-27,150.27,Groceries
T106470,C10983,2026-02-02,103.41,Books
T106040,C10917,2025-08-11,107.68,Electronics
T104050,C10613,2025-06-21,206.27,Groceries
T106163,C10934,2025-07-07,58.4,Groceries
T104450,C10688,2026-04-14,73.69,Groceries
T106003,C10911,2026-02-07,14.7,Home & Kitchen
T105444,C10834,2025-09-16,41.0,Books
T105129,C10783,2025-11-07,81.46,Clothing
T104789,C10743,2026-04-12,175.7,Electronics
T104071,C10616,2025-12-20,140.58,Electronics
T104467,C10691,2025-06-24,181.08,Beauty & Personal Care
T105601,C10853,2025-12-29,261.35,Beauty & Personal Care
T105355,C10818,2025-10-16,100.03,Clothing
T102488,C10380,2025-10-28,54.07,Beauty & Personal Care
T101754,C10271,2026-05-13,86.11,Beauty & Personal Care
T105765,C10876,2025-10-18,101.63,Clothing
T102589,C10396,2025-08-27,105.45,Beauty & Personal Care
T101730,C10268,2026-01-04,84.26,Beauty & Personal Care
T105082,C10777,2025-09-04,289.31,Books
T105790,C10879,2026-02-13,20.02,Groceries
T101268,C10201,2026-03-07,83.34,Groceries
T100414,C10053,2026-05-17,23.7,Books
T103674,C10563,2026-01-24,228.53,Clothing
T100654,C10096,2025-10-25,96.86,Books
T105351,C10818,2025-08-20,92.24,Clothing
T104060,C10616,2025-09-21,213.31,Groceries
T104213,C10643,2025-08-06,17.73,Clothing
T104401,C10675,2025-07-23,48.49,Electronics
T104048,C10613,2025-08-27,237.95,Clothing
T102115,C10325,2026-04-17,310.74,Books
T100589,C10080,2026-03-17,47.79,Groceries
T102517,C10384,2026-04-30,57.42,Beauty & Personal Care
T101536,C10237,2026-01-31,87.08,Clothing
T104174,C10637,2025-07-14,58.63,Books
T103114,C10480,2025-06-24,22.33,Electronics
T105809,C10882,2026-05-17,68.76,Clothing
T102132,C10326,2025-10-09,110.78,Clothing
T100701,C10103,2025-11-04,119.1,Clothing
T103438,C10530,2025-11-16,77.79,Electronics
T101922,C10295,2025-07-05,86.48,Clothing
T106250,C10951,2026-04-22,31.53,Electronics
T102042,C10311,2025-07-23,66.91,Clothing
T102387,C10366,2026-03-04,27.6,Clothing
T104394,C10674,2025-10-19,372.19,Clothing
T102669,C10411,2025-12-07,117.97,Groceries
T103323,C10513,2025-08-12,72.15,Clothing
T106139,C10928,2025-08-15,42.8,Beauty & Personal Care
T101650,C10257,2025-08-30,43.06,Groceries
T105773,C10877,2025-07-29,77.24,Electronics
T100110,C10017,2025-07-05,240.1,Groceries
T102575,C10395,2025-06-09,38.44,Electronics
T102795,C10430,2026-05-19,172.65,Clothing
T105936,C10899,2025-07-02,43.08,Clothing
T105598,C10853,2025-06-14,272.2,Clothing
T104309,C10657,2026-01-10,91.11,Clothing
T103529,C10545,2026-03-21,293.11,Beauty & Personal Care
T105729,C10869,2026-02-22,39.06,Electronics
T104081,C10617,2025-07-06,219.32,Electronics
T106220,C10944,2025-12-23,69.22,Home & Kitchen
T104377,C10669,2026-03-18,104.53,Groceries
T102473,C10377,2026-02-25,36.07,Books
T105241,C10800,2026-02-17,228.11,Beauty & Personal Care
T101973,C10301,2025-07-01,324.43,Clothing
T103786,C10577,2025-08-05,99.42,Beauty & Personal Care
T102436,C10374,2026-05-14,67.67,Clothing
T101575,C10248,2025-08-29,221.03,Beauty & Personal Care
T105604,C10853,2026-05-16,287.47,Clothing
T100107,C10017,2026-02-27,344.77,Electronics
T100029,C10010,2026-04-26,25.41,Home & Kitchen
T102902,C10445,2025-10-05,78.47,Clothing
T101737,C10269,2025-10-07,72.78,Home & Kitchen
T100751,C10109,2025-07-11,75.79,Clothing
T100584,C10079,2025-09-29,321.34,Electronics
T101220,C10191,2026-05-16,54.11,Electronics
T104761,C10736,2026-05-04,36.56,Home & Kitchen
T101345,C10214,2025-08-29,60.25,Home & Kitchen
T105807,C10881,2026-04-13,208.47,Groceries
T101881,C10288,2026-05-04,46.3,Electronics
T100548,C10075,2025-06-27,59.74,Electronics
T105081,C10777,2026-04-28,291.88,Books
T101511,C10233,2026-05-10,34.62,Clothing
T106117,C10925,2025-12-11,41.24,Electronics
T103350,C10516,2025-12-19,75.56,Home & Kitchen
T103825,C10583,2025-08-15,111.69,Clothing
T106339,C10964,2025-09-15,85.72,Clothing
T106435,C10977,2025-12-11,82.41,Clothing
T104607,C10706,2026-01-02,63.66,Books
T102091,C10322,2026-02-10,73.75,Groceries
T101643,C10256,2025-06-24,63.2,Books
T101918,C10295,2025-10-03,100.04,Groceries
T104901,C10757,2025-12-30,184.26,Electronics
T106428,C10977,2026-02-20,107.6,Home & Kitchen
T102633,C10404,2025-09-26,270.09,Groceries
T102410,C10371,2026-04-29,28.87,Electronics
T102302,C10348,2025-09-30,62.72,Clothing
T102916,C10448,2026-04-22,63.36,Beauty & Personal Care
T106017,C10913,2025-09-08,110.38,Home & Kitchen
T100090,C10016,2025-07-09,176.37,Clothing
T102868,C10439,2026-01-19,47.3,Electronics
T104880,C10756,2026-03-11,47.34,Electronics
T105346,C10816,2025-09-18,36.51,Clothing
T102239,C10338,2025-07-31,86.1,Electronics
T100624,C10086,2026-01-03,92.51,Home & Kitchen
T100069,C10015,2025-06-11,273.25,Home & Kitchen
T100889,C10134,2025-07-12,43.4,Home & Kitchen
T102915,C10448,2026-01-10,93.73,Clothing
T105635,C10856,2025-06-21,198.38,Clothing
T104231,C10644,2025-07-04,243.64,Clothing
T104318,C10659,2025-07-11,89.4,Home & Kitchen
T106346,C10964,2025-07-04,79.91,Home & Kitchen
T102022,C10309,2026-01-27,316.8,Home & Kitchen
T100947,C10144,2025-10-09,94.51,Clothing
T100877,C10132,2026-05-01,270.81,Clothing
T102080,C10320,2025-10-19,20.7,Beauty & Personal Care
T106140,C10928,2026-02-09,35.6,Groceries
T100293,C10033,2026-02-20,336.87,Books
T102805,C10432,2026-01-13,48.4,Beauty & Personal Care
T100445,C10058,2026-05-04,308.83,Groceries
T101533,C10237,2025-07-16,77.16,Electronics
T103651,C10561,2025-06-04,94.75,Electronics
T103918,C10599,2025-07-14,48.09,Groceries
T104365,C10668,2026-01-17,312.41,Electronics
T105286,C10810,2026-04-26,189.78,Electronics
T104966,C10768,2025-12-24,224.08,Books
T104584,C10703,2025-12-01,43.51,Home & Kitchen
T100367,C10047,2025-06-28,41.01,Electronics
T106354,C10965,2025-08-26,53.14,Clothing
T103289,C10503,2025-06-24,95.75,Books
T103286,C10503,2026-04-16,95.12,Groceries
T101905,C10293,2026-02-21,96.9,Electronics
T106026,C10914,2026-04-01,70.8,Clothing
T104634,C10712,2025-12-01,23.32,Electronics
T106141,C10928,2025-12-26,37.79,Clothing
T106093,C10922,2026-04-05,67.6,Groceries
T101414,C10222,2025-10-16,45.82,Home & Kitchen
T106055,C10919,2025-09-28,111.08,Books
T102357,C10360,2025-07-30,63.39,Beauty & Personal Care
T101186,C10182,2025-10-19,88.19,Electronics
T105837,C10887,2025-12-27,38.67,Clothing
T101886,C10289,2026-05-28,43.87,Electronics
T105058,C10775,2026-01-12,51.12,Clothing
T103620,C10558,2026-03-19,241.7,Electronics
T104986,C10768,2026-02-12,260.0,Groceries
T106436,C10977,2026-06-01,67.13,Clothing
T100151,C10024,2025-08-30,113.63,Beauty & Personal Care
T105070,C10776,2025-10-16,82.09,Electronics
T101033,C10152,2025-10-18,282.7,Groceries
T101383,C10216,2026-01-01,41.6,Books
T100915,C10140,2026-01-24,274.43,Groceries
T101305,C10210,2025-10-11,71.46,Books
T101786,C10274,2025-07-26,93.82,Electronics
T104691,C10726,2025-12-14,57.23,Clothing
T106172,C10939,2026-02-11,102.9,Clothing
T100509,C10066,2025-06-16,64.66,Electronics
T101934,C10298,2025-11-30,387.03,Electronics
T105674,C10861,2025-11-06,229.64,Home & Kitchen
T102288,C10346,2026-05-29,93.99,Clothing
T101916,C10295,2026-01-13,90.75,Books
T100748,C10109,2025-08-24,86.89,Electronics
T101844,C10284,2026-02-17,253.34,Clothing
T104774,C10739,2025-10-12,19.98,Groceries
T101616,C10250,2026-02-09,327.37,Beauty & Personal Care
T101310,C10210,2025-11-17,84.56,Electronics
T104707,C10729,2025-06-08,223.86,Clothing
T104667,C10720,2025-08-04,25.63,Clothing
T103026,C10467,2025-06-06,326.7,Home & Kitchen
T102163,C10328,2026-03-04,322.71,Home & Kitchen
T102029,C10309,2026-03-15,224.18,Clothing
T104747,C10732,2025-12-26,19.62,Beauty & Personal Care
T102318,C10350,2025-07-18,61.49,Groceries
T100471,C10060,2025-07-03,228.69,Groceries
T104698,C10728,2026-04-15,72.35,Clothing
T103570,C10553,2025-07-24,100.06,Home & Kitchen
T104233,C10644,2026-05-26,201.09,Groceries
T105572,C10852,2025-10-22,95.04,Beauty & Personal Care
T106212,C10944,2026-02-24,44.08,Beauty & Personal Care
T103296,C10504,2025-06-28,108.81,Books
T100896,C10137,2026-02-18,27.77,Clothing
T105963,C10903,2026-01-23,71.25,Clothing
T103937,C10602,2026-05-14,187.51,Clothing
T100251,C10030,2025-07-12,115.78,Home & Kitchen
T101209,C10188,2026-03-11,31.18,Groceries
T103921,C10600,2025-08-09,101.86,Home & Kitchen
T102542,C10387,2025-07-02,86.13,Clothing
T102687,C10415,2026-01-03,46.19,Clothing
T103082,C10474,2025-06-29,33.18,Groceries
T101128,C10168,2025-08-12,70.16,Home & Kitchen
T103639,C10558,2025-12-10,333.23,Clothing
T104172,C10637,2025-09-12,54.0,Groceries
T105110,C10780,2025-08-21,43.09,Clothing
T102142,C10328,2025-08-19,274.37,Electronics
T100057,C10014,2026-02-04,20.64,Beauty & Personal Care
T101322,C10212,2026-02-25,33.93,Clothing
T103821,C10582,2026-02-03,105.03,Clothing
T104254,C10647,2026-05-21,239.08,Home & Kitchen
T106539,C10996,2026-02-12,54.88,Clothing
T105086,C10777,2026-04-12,284.23,Home & Kitchen
T100292,C10033,2025-10-20,264.92,Home & Kitchen
T101142,C10174,2025-06-22,30.51,Groceries
T102833,C10434,2025-08-27,257.94,Books
T103700,C10566,2025-12-14,333.14,Clothing
T101170,C10179,2026-02-05,69.91,Clothing
T105270,C10806,2026-05-19,44.03,Clothing
T103871,C10591,2025-09-05,293.13,Electronics
T103377,C10521,2026-01-05,35.65,Groceries
T103685,C10563,2026-03-29,189.24,Electronics
T106400,C10972,2025-10-31,325.92,Electronics
T101086,C10160,2026-03-02,36.46,Home & Kitchen
T102516,C10384,2026-01-08,92.0,Groceries
T104112,C10623,2026-05-08,40.78,Groceries
T101172,C10179,2025-07-18,60.09,Groceries
T104481,C10691,2025-10-17,174.48,Groceries
T102375,C10362,2025-06-23,71.97,Groceries
T101498,C10230,2025-10-31,322.71,Groceries
T102627,C10404,2025-06-15,289.42,Home & Kitchen
T106030,C10914,2026-01-19,30.21,Clothing
T104151,C10631,2026-05-24,43.08,Books
T103585,C10554,2026-04-07,53.47,Electronics
T106363,C10966,2025-10-29,203.28,Electronics
T101703,C10264,2025-11-13,41.84,Home & Kitchen
T104512,C10695,2026-06-01,40.66,Clothing
T100613,C10085,2026-05-03,55.49,Books
T102157,C10328,2025-08-01,249.82,Beauty & Personal Care
T102531,C10386,2026-04-23,38.88,Electronics
T102592,C10397,2025-09-12,32.64,Clothing
T101430,C10224,2026-05-16,88.97,Clothing
T103540,C10545,2025-07-06,362.22,Books
T105924,C10898,2025-07-25,61.57,Groceries
T100505,C10066,2025-09-22,69.81,Books
T100415,C10054,2025-07-21,205.03,Groceries
T100272,C10032,2026-05-05,115.22,Clothing
T104043,C10613,2026-02-18,258.15,Home & Kitchen
T106201,C10943,2025-12-16,142.98,Groceries
T103759,C10575,2026-02-10,93.72,Groceries
T102432,C10374,2025-12-17,69.29,Groceries
T105490,C10843,2026-05-09,97.05,Home & Kitchen
T102110,C10325,2025-09-19,309.19,Books
T100106,C10017,2026-03-27,430.35,Home & Kitchen
T101344,C10213,2026-03-16,298.62,Books
T101765,C10272,2025-10-08,299.74,Electronics
T102063,C10316,2025-08-25,24.22,Groceries
T103318,C10512,2025-06-10,21.48,Clothing
T106311,C10962,2026-03-11,25.61,Home & Kitchen
T100952,C10144,2025-12-11,86.11,Groceries
T103819,C10582,2026-05-02,83.23,Electronics
T103011,C10466,2026-02-25,124.3,Clothing
T101615,C10250,2026-02-14,472.09,Beauty & Personal Care
T101504,C10232,2025-11-11,56.44,Groceries
T105973,C10904,2025-09-03,45.51,Clothing
T106200,C10943,2026-02-04,170.22,Clothing
T102210,C10336,2025-09-10,283.04,Home & Kitchen
T105080,C10777,2026-01-30,235.4,Clothing
T106037,C10916,2025-11-13,25.83,Home & Kitchen
T101024,C10152,2025-08-11,336.72,Groceries
T105295,C10810,2025-08-16,242.17,Clothing
T103647,C10559,2025-11-17,22.93,Clothing
T104339,C10663,2026-05-04,40.52,Home & Kitchen
T100416,C10054,2026-05-27,320.01,Beauty & Personal Care
T105755,C10873,2026-04-10,78.68,Electronics
T103017,C10467,2026-04-04,175.57,Clothing
T101872,C10287,2025-10-12,69.91,Beauty & Personal Care
T100564,C10077,2026-03-14,32.41,Beauty & Personal Care
T100478,C10060,2025-08-09,497.73,Clothing
T106210,C10943,2026-04-06,247.03,Home & Kitchen
T105538,C10849,2025-10-07,154.71,Groceries
T101203,C10187,2026-04-12,84.56,Groceries
T101224,C10191,2025-09-19,69.15,Electronics
T100142,C10022,2026-05-20,97.16,Books
T101805,C10278,2026-02-03,53.01,Books
T103403,C10522,2026-03-24,340.9,Electronics
T103608,C10557,2025-09-15,248.42,Books
T103838,C10586,2025-07-13,51.99,Electronics
T102585,C10396,2026-05-26,97.02,Groceries
T100605,C10084,2026-01-11,25.56,Home & Kitchen
T101194,C10184,2026-05-23,22.62,Clothing
T104724,C10729,2025-07-11,244.02,Clothing
T102821,C10433,2025-07-20,337.14,Groceries
T101825,C10282,2025-07-31,28.08,Groceries
T103949,C10602,2025-10-31,190.19,Clothing
T100497,C10062,2025-09-19,50.18,Beauty & Personal Care
T101817,C10281,2025-09-23,78.43,Home & Kitchen
T102945,C10455,2025-10-21,17.01,Groceries
T105473,C10842,2026-01-24,319.05,Books
T104271,C10647,2026-04-04,201.2,Clothing
T106488,C10986,2025-06-17,269.64,Electronics
T105653,C10859,2026-05-26,358.3,Clothing
T100721,C10106,2025-09-18,46.67,Books
T103275,C10501,2026-03-29,26.04,Clothing
T101025,C10152,2026-05-19,272.16,Groceries
T105719,C10867,2025-08-19,67.14,Books
T101295,C10206,2026-05-23,38.73,Groceries
T101496,C10230,2025-12-09,374.58,Home & Kitchen
T102034,C10310,2026-05-17,35.8,Clothing
T101520,C10235,2026-04-21,125.13,Home & Kitchen
T102232,C10336,2025-11-16,247.05,Clothing
T101951,C10300,2025-09-16,87.87,Clothing
T103103,C10478,2026-01-31,121.9,Clothing
T102298,C10348,2025-10-08,78.24,Electronics
T102464,C10376,2025-12-14,114.65,Clothing
T105310,C10811,2026-04-30,231.24,Beauty & Personal Care
T105289,C10810,2026-02-04,296.15,Groceries
T101302,C10209,2025-07-02,17.18,Beauty & Personal Care
T100108,C10017,2026-02-16,348.92,Electronics
T101351,C10214,2025-11-22,55.5,Groceries
T106043,C10918,2025-12-29,64.95,Clothing
T102807,C10433,2025-06-15,253.23,Groceries
T104498,C10692,2025-06-22,33.37,Home & Kitchen
T103159,C10484,2026-04-15,219.72,Books
T100931,C10140,2026-03-22,354.54,Clothing
T100336,C10042,2025-10-14,78.86,Groceries
T106513,C10990,2025-08-15,70.49,Electronics
T105091,C10777,2026-02-03,249.79,Groceries
T103194,C10489,2026-02-15,36.4,Home & Kitchen
T100937,C10141,2025-08-29,27.56,Groceries
T105646,C10859,2026-05-28,271.51,Groceries
T101580,C10248,2025-08-10,232.84,Groceries
T102440,C10375,2025-08-05,383.86,Beauty & Personal Care
T102020,C10309,2025-06-01,251.76,Home & Kitchen
T103424,C10525,2026-02-02,62.42,Groceries
T104685,C10725,2026-01-19,118.66,Books
T103101,C10478,2026-02-24,118.67,Electronics
T104537,C10698,2025-12-09,30.89,Electronics
T100724,C10107,2026-06-01,191.84,Clothing
T100765,C10112,2026-01-19,77.97,Electronics
T100286,C10033,2026-05-09,286.8,Clothing
T103269,C10499,2025-12-07,101.04,Books
T104141,C10628,2025-09-23,415.08,Electronics
T100307,C10036,2026-02-24,52.62,Home & Kitchen
T103482,C10535,2026-05-22,54.63,Home & Kitchen
T102628,C10404,2025-07-30,232.38,Electronics
T105398,C10825,2026-04-25,9.74,Clothing
T105195,C10796,2026-05-24,71.29,Electronics
T102471,C10377,2026-02-02,92.25,Books
T105955,C10903,2025-07-04,104.76,Home & Kitchen
T103121,C10481,2026-05-11,78.25,Electronics
T101748,C10270,2025-07-15,98.2,Clothing
T102463,C10376,2026-03-10,83.04,Beauty & Personal Care
T104606,C10706,2025-12-14,51.15,Groceries
T105571,C10852,2026-04-23,92.21,Electronics
T100184,C10026,2026-01-02,156.1,Groceries
T100071,C10015,2025-06-04,382.41,Electronics
T103666,C10563,2026-02-14,268.34,Groceries
T100711,C10105,2025-12-14,15.56,Books
T100421,C10054,2025-12-09,330.22,Clothing
T101020,C10152,2025-07-10,276.49,Clothing
T105769,C10876,2026-02-05,82.07,Clothing
T105780,C10878,2025-09-12,38.02,Books
T105199,C10796,2026-04-20,91.6,Home & Kitchen
T100737,C10107,2026-01-26,232.44,Beauty & Personal Care
T105709,C10867,2026-01-12,257.33,Groceries
T101260,C10200,2025-07-06,115.62,Beauty & Personal Care
T102957,C10458,2025-11-08,318.56,Clothing
T103554,C10551,2025-07-17,33.11,Clothing
T103151,C10483,2025-10-27,35.27,Electronics
T103771,C10576,2026-05-10,167.05,Electronics
T106103,C10923,2025-09-06,192.25,Books
T106267,C10954,2026-04-19,305.61,Clothing
T101894,C10290,2026-02-22,52.52,Clothing
T101702,C10264,2025-08-19,39.46,Electronics
T101210,C10189,2026-05-20,78.08,Electronics
T102498,C10382,2025-11-23,33.5,Books
T101095,C10163,2026-02-12,75.54,Electronics
T104872,C10752,2025-11-13,35.47,Clothing
T104077,C10617,2025-09-01,153.86,Groceries
T102513,C10384,2026-02-27,86.89,Groceries
T101630,C10254,2026-01-19,110.68,Clothing
T103538,C10545,2026-05-19,343.22,Groceries
T105251,C10801,2026-04-06,41.49,Beauty & Personal Care
T104383,C10671,2025-11-11,87.41,Electronics
T101612,C10250,2026-03-13,356.59,Beauty & Personal Care
T100978,C10148,2025-11-28,36.08,Electronics
T103089,C10475,2025-10-31,75.46,Home & Kitchen
T105549,C10849,2025-10-20,282.74,Electronics
T101666,C10259,2026-05-30,148.2,Groceries
T105595,C10853,2025-06-20,179.39,Books
T100487,C10061,2026-05-18,73.07,Clothing
T101801,C10277,2026-04-11,95.24,Groceries
T105785,C10878,2025-06-20,65.38,Beauty & Personal Care
T100344,C10043,2026-05-19,30.5,Clothing
T102705,C10419,2025-12-28,389.28,Home & Kitchen
T106169,C10938,2025-12-09,27.49,Clothing
T100911,C10139,2026-03-04,29.55,Electronics
T101041,C10153,2026-04-21,24.11,Electronics
T100047,C10013,2025-07-25,124.17,Beauty & Personal Care
T102859,C10437,2025-07-23,27.81,Groceries
T105692,C10865,2025-09-03,77.85,Clothing
T101350,C10214,2025-09-12,64.98,Beauty & Personal Care
T100443,C10058,2025-09-06,270.89,Groceries
T105223,C10798,2025-12-24,131.99,Home & Kitchen
T101061,C10158,2026-04-14,130.4,Clothing
T101451,C10227,2025-06-11,77.86,Clothing
T106560,C10998,2026-01-17,188.74,Clothing
T103010,C10466,2026-03-18,103.01,Electronics
T105312,C10811,2026-01-20,204.61,Electronics
T105196,C10796,2025-12-17,93.16,Clothing
T103625,C10558,2025-08-29,262.94,Groceries
T103742,C10572,2026-05-24,77.07,Clothing
T102018,C10309,2025-12-05,280.54,Clothing
T104147,C10629,2026-04-01,28.83,Beauty & Personal Care
T104896,C10757,2025-12-11,150.72,Groceries
T101055,C10157,2026-01-09,40.67,Clothing
T100848,C10129,2025-09-11,64.85,Groceries
T103715,C10568,2026-05-23,53.44,Clothing
T106251,C10951,2026-04-03,32.59,Home & Kitchen
T106527,C10994,2026-05-29,88.88,Clothing
T105728,C10869,2026-03-30,40.01,Electronics
T101294,C10206,2025-11-03,39.64,Beauty & Personal Care
T106566,C10998,2026-04-24,277.64,Groceries
T102569,C10393,2025-07-25,78.56,Groceries
T103312,C10510,2025-08-01,53.68,Electronics
T106142,C10929,2025-11-18,41.46,Books
T104690,C10726,2025-06-10,52.34,Beauty & Personal Care
T104686,C10725,2025-06-11,96.73,Home & Kitchen
T105193,C10795,2025-11-22,272.34,Clothing
T101112,C10166,2026-01-17,31.22,Home & Kitchen
T102377,C10362,2025-11-18,30.36,Home & Kitchen
T100776,C10114,2025-08-21,39.73,Beauty & Personal Care
T106218,C10944,2025-10-13,47.25,Beauty & Personal Care
T100183,C10026,2026-03-11,191.39,Electronics
T104506,C10693,2026-02-05,77.66,Clothing
T104486,C10691,2025-10-04,181.23,Home & Kitchen
T104448,C10688,2025-07-04,88.33,Home & Kitchen
T102523,C10384,2025-09-08,86.01,Home & Kitchen
T101513,C10234,2025-07-20,30.89,Home & Kitchen
T103244,C10496,2025-09-29,290.44,Beauty & Personal Care
T100734,C10107,2025-08-11,234.76,Clothing
T103941,C10602,2025-09-18,315.66,Electronics
T102344,C10356,2025-08-29,25.97,Electronics
T101168,C10179,2025-10-21,67.45,Groceries
T101867,C10286,2025-06-04,80.67,Home & Kitchen
T102954,C10458,2026-02-24,282.94,Clothing
T101840,C10284,2025-08-27,238.92,Clothing
T102778,C10429,2026-01-30,86.75,Books
T104322,C10660,2025-09-22,40.68,Clothing
T102462,C10376,2026-01-19,108.84,Home & Kitchen
T103396,C10522,2025-10-07,371.12,Clothing
T102600,C10398,2026-03-11,41.15,Electronics
T100485,C10061,2026-01-14,67.96,Books
T104404,C10676,2025-07-16,21.16,Electronics
T100452,C10058,2025-12-30,226.06,Electronics
T103382,C10521,2026-02-09,53.31,Clothing
T100095,C10016,2026-02-04,98.34,Home & Kitchen
T103931,C10601,2026-05-12,51.58,Books
T105028,C10773,2026-03-28,48.61,Groceries
T103519,C10541,2025-09-05,25.59,Clothing
T100030,C10010,2025-10-14,23.86,Electronics
T101665,C10259,2026-05-11,197.03,Electronics
T100789,C10119,2026-04-16,21.82,Groceries
T106109,C10923,2025-09-13,138.42,Electronics
T104301,C10655,2025-12-09,8.96,Beauty & Personal Care
T101912,C10293,2025-12-24,99.75,Home & Kitchen
T103375,C10520,2026-05-14,38.56,Electronics
T102275,C10344,2025-08-12,23.41,Home & Kitchen
T105011,C10771,2025-10-19,84.9,Groceries
T101539,C10237,2025-11-12,36.29,Groceries
T101109,C10165,2026-01-23,119.34,Clothing
T100100,C10017,2026-03-12,265.27,Groceries
T104472,C10691,2025-07-22,224.94,Clothing
T105180,C10795,2025-06-03,312.84,Clothing
T104210,C10642,2025-08-11,36.61,Books
T101443,C10226,2025-12-28,77.69,Clothing
T106409,C10972,2025-08-12,318.51,Electronics
T104262,C10647,2025-07-29,265.37,Groceries
T106463,C10983,2025-10-06,111.83,Home & Kitchen
T104763,C10737,2025-10-03,22.77,Clothing
T101083,C10159,2025-12-11,46.84,Electronics
T102922,C10449,2025-11-20,64.32,Clothing
T100861,C10132,2025-07-28,183.83,Clothing
T103686,C10563,2025-06-20,356.03,Books
T100903,C10138,2025-07-01,109.54,Books
T105808,C10882,2025-08-13,112.77,Books
T100109,C10017,2025-09-04,332.32,Electronics
T103248,C10496,2025-11-01,310.53,Clothing
T106271,C10954,2025-11-13,294.26,Books
T105515,C10847,2025-10-30,73.54,Electronics
T103539,C10545,2025-06-14,337.66,Electronics
T105628,C10856,2025-10-13,122.48,Electronics
T102484,C10379,2025-06-19,29.47,Groceries
T102404,C10369,2026-05-07,44.36,Clothing
T103978,C10605,2026-05-14,88.63,Beauty & Personal Care
T100782,C10116,2025-10-23,32.06,Home & Kitchen
T106425,C10976,2025-12-08,36.47,Electronics
T100927,C10140,2025-06-23,279.34,Clothing
T102887,C10444,2026-02-07,123.91,Groceries
T103454,C10531,2025-10-24,55.21,Electronics
T103826,C10583,2026-01-05,76.48,Groceries
T102412,C10372,2025-10-03,21.41,Home & Kitchen
T103936,C10602,2025-07-28,316.62,Clothing
T103127,C10481,2026-04-05,107.2,Groceries
T106177,C10939,2026-03-28,90.47,Groceries
T104368,C10668,2025-10-29,173.89,Groceries
T101094,C10163,2026-05-14,87.74,Home & Kitchen
T101121,C10168,2026-01-21,88.92,Groceries
T102689,C10415,2026-01-18,78.41,Home & Kitchen
T102264,C10341,2025-12-19,40.01,Groceries
T102229,C10336,2025-12-31,395.93,Clothing
T104011,C10611,2025-10-20,43.21,Clothing
T100809,C10121,2026-04-02,72.2,Home & Kitchen
T105446,C10835,2025-06-09,36.6,Electronics
T104953,C10767,2025-12-31,65.13,Electronics
T106364,C10966,2026-01-10,238.63,Clothing
T101654,C10258,2026-04-08,85.32,Books
T105377,C10822,2026-03-28,195.96,Clothing
T105742,C10872,2026-04-25,68.66,Clothing
T106479,C10984,2025-12-25,109.99,Clothing
T104603,C10705,2026-05-14,92.27,Home & Kitchen
T104247,C10645,2026-01-18,391.45,Beauty & Personal Care
T103388,C10521,2026-03-20,63.04,Beauty & Personal Care
T105025,C10772,2025-09-08,34.85,Groceries
T106194,C10941,2026-03-02,85.72,Groceries
T106338,C10964,2025-08-26,88.48,Groceries
T105620,C10856,2025-09-06,147.01,Home & Kitchen
T102543,C10387,2025-11-18,84.76,Books
T102751,C10422,2026-05-08,367.47,Clothing
T104195,C10639,2025-08-07,77.74,Clothing
T106495,C10986,2025-06-21,268.6,Groceries
T104257,C10647,2026-05-08,298.62,Home & Kitchen
T103184,C10488,2026-05-20,92.08,Beauty & Personal Care
T102829,C10434,2026-03-19,253.32,Electronics
T103431,C10529,2025-09-09,34.39,Books
T103606,C10557,2025-11-15,276.91,Clothing
T103982,C10605,2025-07-13,127.39,Groceries
T101864,C10286,2025-07-13,83.33,Clothing
T102087,C10321,2026-04-14,79.65,Beauty & Personal Care
T100087,C10016,2025-09-06,187.95,Home & Kitchen
T105819,C10883,2026-04-10,73.0,Clothing
T101204,C10187,2025-09-20,77.14,Electronics
T106167,C10936,2026-05-15,20.44,Electronics
T104601,C10705,2025-08-21,86.65,Clothing
T102845,C10435,2026-05-27,73.95,Clothing
T105059,C10775,2026-02-06,46.84,Clothing
T105183,C10795,2025-10-15,320.28,Home & Kitchen
T106500,C10987,2025-10-24,38.94,Electronics
T106546,C10996,2025-06-21,46.54,Home & Kitchen
T100518,C10070,2026-01-19,77.29,Clothing
T101770,C10272,2026-05-10,344.08,Electronics
T100829,C10126,2026-05-27,20.34,Home & Kitchen
T106078,C10921,2025-07-28,143.64,Electronics
T102127,C10326,2025-12-29,117.41,Groceries
T100438,C10056,2026-03-22,78.52,Clothing
T100627,C10087,2025-08-10,24.62,Electronics
T106154,C10934,2025-12-19,92.26,Clothing
T104575,C10701,2025-12-15,267.42,Groceries
T101744,C10270,2026-03-27,81.45,Electronics
T100925,C10140,2026-05-11,184.32,Groceries
T104237,C10645,2026-04-04,264.28,Groceries
T100295,C10033,2025-12-26,259.74,Home & Kitchen
T101052,C10157,2025-08-26,58.15,Electronics
T105354,C10818,2025-12-31,78.51,Groceries
T106150,C10932,2025-06-03,50.88,Clothing
T101173,C10179,2026-01-21,57.59,Groceries
T106012,C10912,2025-11-11,95.71,Home & Kitchen
T104110,C10622,2026-04-06,96.7,Electronics
T101561,C10245,2025-07-24,29.95,Home & Kitchen
T102910,C10448,2026-02-06,57.97,Electronics
T102251,C10340,2026-04-06,350.62,Home & Kitchen
T100944,C10144,2026-03-15,132.58,Clothing
T105219,C10798,2026-05-07,118.48,Beauty & Personal Care
T102776,C10427,2025-06-15,28.48,Electronics
T100012,C10005,2025-12-11,97.41,Electronics
T101117,C10167,2025-07-29,83.78,Clothing
T104775,C10739,2025-11-22,66.52,Clothing
T103098,C10477,2025-06-21,38.68,Home & Kitchen
T103842,C10586,2026-03-21,81.2,Home & Kitchen
T100642,C10092,2025-10-07,38.21,Electronics
T101978,C10301,2025-10-10,276.05,Clothing
T104577,C10701,2026-01-04,369.52,Electronics
T102103,C10325,2026-04-24,392.67,Electronics
T103238,C10496,2025-12-08,308.31,Clothing
T101319,C10211,2025-10-30,182.57,Home & Kitchen
T103107,C10479,2026-02-18,113.62,Electronics
T103459,C10531,2025-10-13,143.1,Books
T106011,C10912,2025-08-14,99.41,Groceries
T105532,C10848,2026-04-09,301.31,Clothing
T105394,C10824,2025-09-18,30.36,Electronics
T105105,C10778,2026-01-22,110.11,Electronics
T106547,C10996,2026-03-30,57.96,Home & Kitchen
T103792,C10577,2026-05-14,98.54,Books
T103204,C10490,2026-02-27,21.06,Clothing
T100653,C10095,2025-07-21,24.53,Beauty & Personal Care
T100429,C10056,2026-05-13,77.69,Home & Kitchen
T105775,C10877,2026-03-02,70.24,Clothing
T103664,C10562,2026-02-02,82.07,Electronics
T103047,C10469,2026-01-07,35.75,Clothing
T105038,C10774,2025-06-02,320.31,Clothing
T104449,C10688,2025-10-20,103.57,Clothing
T103437,C10530,2026-04-12,77.97,Clothing
T106526,C10994,2025-11-15,84.41,Groceries
T101954,C10300,2025-09-04,60.0,Home & Kitchen
T104739,C10731,2025-11-27,323.97,Electronics
T102666,C10410,2026-05-09,47.74,Clothing
T100838,C10128,2026-03-15,264.4,Groceries
T101087,C10160,2025-07-14,32.5,Electronics
T103208,C10491,2025-12-03,48.06,Books
T104778,C10740,2025-09-10,24.67,Beauty & Personal Care
T105577,C10852,2025-07-13,103.1,Electronics
T104427,C10682,2026-05-02,33.59,Electronics
T105278,C10808,2025-08-19,95.05,Groceries
T100856,C10131,2025-06-05,37.14,Clothing
T104256,C10647,2026-04-02,185.59,Electronics
T103793,C10578,2025-06-05,16.99,Home & Kitchen
T101448,C10227,2025-11-17,70.9,Groceries
T103328,C10514,2025-08-25,229.47,Electronics
T105374,C10822,2025-12-17,330.01,Groceries
T105057,C10775,2025-10-30,53.49,Clothing
T102215,C10336,2025-12-19,358.85,Groceries
T106332,C10963,2026-05-11,176.43,Home & Kitchen
T102893,C10445,2025-10-24,90.25,Clothing
T102414,C10372,2025-11-22,32.11,Clothing
T101745,C10270,2025-07-08,98.93,Clothing
T100693,C10103,2025-09-04,112.61,Home & Kitchen
T104717,C10729,2025-11-12,307.28,Beauty & Personal Care
T103197,C10489,2025-08-10,31.17,Electronics
T103939,C10602,2025-07-31,215.52,Clothing
T100188,C10027,2026-01-07,174.84,Groceries
T100287,C10033,2025-06-15,323.8,Home & Kitchen
T101738,C10269,2026-03-22,103.05,Beauty & Personal Care
T104096,C10619,2026-01-14,116.39,Beauty & Personal Care
T103285,C10503,2025-11-14,122.62,Electronics
T102691,C10415,2026-01-27,65.57,Groceries
T100169,C10026,2025-11-08,129.58,Clothing
T105288,C10810,2025-12-09,220.37,Clothing
T103689,C10565,2026-04-30,35.14,Clothing
T103470,C10534,2026-03-02,103.89,Clothing
T103407,C10523,2026-01-13,98.85,Electronics
T101684,C10262,2026-05-23,76.86,Clothing
T101586,C10248,2025-12-23,231.64,Clothing
T104264,C10647,2026-02-22,224.4,Groceries
T101338,C10213,2025-08-28,231.73,Electronics
T104351,C10667,2026-01-26,21.21,Groceries
T101732,C10268,2026-05-26,87.32,Beauty & Personal Care
T104510,C10693,2026-02-06,49.5,Clothing
T104098,C10620,2025-10-15,18.97,Groceries
T105275,C10808,2025-08-21,118.44,Home & Kitchen
T102031,C10309,2026-04-27,200.09,Clothing
T102746,C10422,2026-01-15,300.89,Groceries
T106191,C10941,2026-02-13,167.53,Electronics
T100210,C10027,2025-06-26,245.73,Home & Kitchen
T102083,C10321,2025-10-13,47.43,Home & Kitchen
T104176,C10637,2026-02-03,61.13,Electronics
T104183,C10638,2026-02-13,33.85,Electronics
T105033,C10774,2025-10-15,266.03,Electronics
T101961,C10300,2025-09-01,73.22,Home & Kitchen
T100073,C10015,2025-07-05,383.74,Books
T105322,C10813,2026-01-30,113.66,Electronics
T103039,C10468,2026-03-14,150.69,Electronics
T104961,C10767,2026-04-22,35.14,Home & Kitchen
T106300,C10959,2025-08-02,77.34,Clothing
T101564,C10247,2025-12-27,29.42,Clothing
T104975,C10768,2026-03-31,202.36,Groceries
T103161,C10484,2026-01-10,226.86,Electronics
T104314,C10658,2025-11-13,74.12,Clothing
T102118,C10325,2026-04-23,208.28,Home & Kitchen
T103971,C10604,2026-05-16,43.18,Groceries
T106128,C10927,2026-05-26,71.29,Home & Kitchen
T101876,C10287,2025-09-13,66.1,Clothing
T102588,C10396,2025-07-20,94.4,Home & Kitchen
T101231,C10192,2026-02-17,17.45,Books
T106147,C10931,2025-09-14,38.67,Beauty & Personal Care
T104519,C10696,2025-11-02,156.69,Home & Kitchen
T101465,C10229,2025-09-11,66.97,Beauty & Personal Care
T101258,C10199,2025-08-01,19.61,Home & Kitchen
T105880,C10893,2026-03-18,183.39,Clothing
T106431,C10977,2025-06-19,48.03,Groceries
T101718,C10266,2026-04-15,217.27,Clothing
T101379,C10216,2025-09-16,78.07,Clothing
T106112,C10923,2026-01-30,198.79,Electronics
T102149,C10328,2025-08-28,183.54,Home & Kitchen
T100113,C10017,2026-04-01,459.2,Electronics
T105573,C10852,2025-10-20,94.58,Books
T105234,C10800,2025-12-27,285.62,Books
T101438,C10225,2026-01-01,112.01,Electronics
T104800,C10743,2026-01-19,209.57,Clothing
T104251,C10646,2025-11-26,26.31,Books
T106377,C10966,2026-01-23,172.34,Home & Kitchen
T103550,C10550,2025-08-13,12.57,Clothing
T104664,C10718,2025-06-30,29.15,Clothing
T100507,C10066,2026-05-04,64.16,Home & Kitchen
T105421,C10829,2025-08-17,85.51,Clothing
T103408,C10523,2026-04-09,93.62,Groceries
T104534,C10697,2026-03-14,32.71,Electronics
T104317,C10659,2026-03-06,104.0,Books
T105547,C10849,2025-10-06,239.78,Beauty & Personal Care
T105694,C10865,2026-04-28,98.54,Groceries
T102223,C10336,2025-10-22,336.5,Clothing
T103542,C10546,2026-01-19,26.39,Electronics
T105852,C10890,2026-05-13,68.23,Electronics
T100252,C10030,2026-03-04,133.84,Electronics
T101423,C10224,2026-03-20,71.77,Books
T104483,C10691,2025-12-28,187.86,Beauty & Personal Care
T100350,C10045,2025-06-11,60.14,Books
T104578,C10701,2025-10-24,250.18,Home & Kitchen
T105833,C10885,2025-11-20,32.92,Clothing
T103834,C10585,2025-12-10,29.73,Groceries
T106041,C10917,2026-02-23,111.64,Electronics
T100457,C10058,2026-02-02,223.58,Books
T103829,C10583,2026-01-29,101.33,Electronics
T100479,C10060,2025-12-07,399.76,Groceries
T101114,C10166,2025-09-18,27.62,Clothing
T100798,C10120,2025-08-16,83.89,Groceries
T104620,C10708,2025-06-18,92.03,Beauty & Personal Care
T100298,C10033,2026-01-16,335.03,Groceries
T102873,C10441,2025-11-03,23.56,Groceries
T103464,C10531,2025-10-01,210.45,Clothing
T100026,C10008,2025-06-29,17.34,Clothing
T103966,C10604,2025-11-17,64.38,Books
T102937,C10453,2025-12-29,102.63,Clothing
T101791,C10277,2025-09-17,97.88,Books
T102002,C10306,2026-02-24,14.13,Groceries
T103927,C10600,2026-05-26,105.44,Home & Kitchen
T103277,C10502,2026-03-08,15.73,Clothing
T101287,C10204,2025-10-18,27.08,Clothing
T101281,C10202,2025-12-08,53.95,Home & Kitchen
T105347,C10817,2025-11-01,7.08,Books
T100229,C10028,2025-11-17,310.38,Home & Kitchen
T105010,C10771,2026-05-23,97.87,Groceries
T106122,C10925,2025-10-22,42.37,Groceries
T104541,C10699,2026-02-21,124.5,Home & Kitchen
T103074,C10471,2026-03-30,133.46,Books
T104148,C10630,2025-10-04,16.66,Electronics
T103691,C10565,2025-10-03,40.09,Home & Kitchen
T106240,C10949,2025-07-08,86.78,Home & Kitchen
T102792,C10430,2025-11-09,194.42,Beauty & Personal Care
T105550,C10849,2025-12-23,167.7,Electronics
T105839,C10887,2025-08-12,28.49,Home & Kitchen
T105931,C10898,2025-12-16,75.92,Clothing
T105488,C10843,2026-05-04,92.54,Clothing
T104970,C10768,2025-09-19,347.49,Clothing
T106350,C10965,2025-07-16,126.0,Clothing
T106503,C10988,2026-05-19,12.87,Clothing
T105842,C10888,2025-08-20,9.06,Groceries
T105409,C10827,2025-07-15,114.19,Home & Kitchen
T104370,C10669,2025-11-13,47.77,Clothing
T101614,C10250,2026-04-26,303.41,Books
T103624,C10558,2026-05-22,405.23,Electronics
T100607,C10085,2025-11-21,53.7,Groceries
T102574,C10394,2026-04-26,42.78,Clothing
T104998,C10770,2026-01-25,335.56,Groceries
T104085,C10617,2025-08-10,243.02,Groceries
T100533,C10074,2026-03-15,80.27,Books
T103680,C10563,2026-02-12,175.79,Groceries
T105476,C10842,2025-06-01,334.89,Clothing
T105314,C10811,2025-10-21,212.03,Electronics
T106465,C10983,2026-05-24,114.98,Home & Kitchen
T104051,C10613,2025-10-21,252.23,Books
T105634,C10856,2025-09-24,123.9,Clothing
T100203,C10027,2026-04-19,269.87,Home & Kitchen
T100339,C10042,2026-03-06,82.79,Clothing
T102509,C10383,2026-05-16,253.02,Groceries
T102476,C10377,2026-04-09,53.33,Electronics
T103418,C10525,2026-03-28,69.67,Electronics
T100837,C10128,2026-03-03,165.27,Clothing
T104769,C10739,2026-01-01,66.73,Clothing
T104852,C10750,2025-12-12,246.88,Groceries
T102077,C10319,2026-01-11,35.58,Home & Kitchen
T100387,C10049,2025-12-30,388.67,Clothing
T101230,C10191,2026-03-02,63.56,Home & Kitchen
T104977,C10768,2026-01-29,276.84,Clothing
T106340,C10964,2025-11-28,72.5,Clothing
T106061,C10920,2025-06-21,61.99,Clothing
T101609,C10250,2025-10-06,299.81,Home & Kitchen
T102406,C10370,2026-02-01,11.89,Home & Kitchen
T103063,C10471,2025-08-26,143.65,Groceries
T104017,C10611,2025-09-07,74.74,Groceries
T104342,C10664,2026-04-04,86.26,Home & Kitchen
T104411,C10678,2025-08-04,22.79,Clothing
T105388,C10823,2025-10-12,64.48,Home & Kitchen
T104564,C10701,2026-04-10,318.09,Groceries
T101940,C10298,2026-02-02,270.21,Clothing
T105904,C10895,2025-06-19,118.34,Groceries
T102997,C10465,2026-05-18,47.01,Home & Kitchen
T106369,C10966,2026-03-21,147.78,Groceries
T102698,C10418,2025-06-12,44.36,Clothing
T103718,C10568,2025-12-09,53.09,Electronics
T105888,C10895,2025-08-26,49.73,Clothing
T104906,C10757,2025-11-07,210.32,Groceries
T103463,C10531,2025-09-16,252.86,Clothing
T100677,C10101,2025-11-28,84.29,Home & Kitchen
T102765,C10424,2025-07-16,110.53,Electronics
T103392,C10522,2026-04-17,342.14,Groceries
T106183,C10939,2026-03-06,137.91,Electronics
T103214,C10493,2026-03-22,64.72,Electronics
T100061,C10015,2026-01-03,296.23,Books
T105003,C10770,2025-06-06,278.65,Electronics
T106579,C10998,2025-10-11,114.23,Electronics
T100657,C10096,2026-01-27,57.89,Clothing
T100790,C10119,2025-07-31,32.28,Electronics
T102226,C10336,2025-12-13,416.54,Home & Kitchen
T105849,C10890,2026-02-05,50.56,Clothing
T101359,C10215,2026-01-10,280.51,Groceries
T104888,C10757,2025-06-11,246.52,Groceries
T104436,C10686,2025-07-14,31.43,Clothing
T102182,C10330,2025-12-05,80.96,Clothing
T104979,C10768,2025-09-19,160.03,Electronics
T105735,C10871,2026-02-07,28.31,Electronics
T102347,C10357,2026-04-18,65.95,Home & Kitchen
T105648,C10859,2025-10-13,374.28,Clothing
T105013,C10771,2026-01-28,70.33,Books
T104589,C10704,2025-11-21,54.73,Home & Kitchen
T105606,C10853,2025-06-25,202.98,Clothing
T101780,C10274,2025-09-22,77.37,Groceries
T102263,C10340,2026-01-05,221.51,Clothing
T100803,C10121,2026-02-28,78.69,Home & Kitchen
T100857,C10131,2026-04-05,43.66,Electronics
T103360,C10517,2026-05-15,31.99,Books
T102927,C10451,2026-02-19,22.08,Home & Kitchen
T104623,C10708,2025-07-07,110.41,Clothing
T100219,C10028,2025-10-20,280.5,Groceries
T101288,C10204,2025-09-12,19.02,Electronics
T100582,C10079,2025-11-26,343.89,Clothing
T100043,C10012,2025-11-22,36.55,Electronics
T101234,C10193,2025-07-04,221.73,Clothing
T103887,C10592,2026-01-09,90.43,Clothing
T106367,C10966,2025-07-05,54.04,Clothing
T101892,C10290,2025-12-14,47.3,Books
T105748,C10873,2026-02-16,94.04,Clothing
T103381,C10521,2026-05-15,67.98,Home & Kitchen
T105430,C10832,2026-01-04,57.89,Books
T101071,C10158,2026-03-22,296.68,Groceries
T100718,C10106,2026-02-11,66.87,Home & Kitchen
T101505,C10232,2025-06-14,52.2,Groceries
T100670,C10097,2025-06-01,75.36,Groceries
T105250,C10801,2026-02-12,39.36,Groceries
T103478,C10535,2026-04-27,77.35,Groceries
T100897,C10138,2025-11-05,92.57,Groceries
T102457,C10375,2025-06-09,308.35,Electronics
T103544,C10547,2025-07-27,31.69,Electronics
T102310,C10350,2025-07-15,65.06,Electronics
T104253,C10646,2026-05-19,19.8,Groceries
T102439,C10375,2026-02-17,216.05,Clothing
T102550,C10389,2025-07-07,13.62,Home & Kitchen
T102303,C10348,2026-05-04,72.24,Home & Kitchen
T105002,C10770,2025-08-31,205.37,Books
T101874,C10287,2026-04-10,94.19,Clothing
T101769,C10272,2026-03-09,369.48,Electronics
T104765,C10738,2026-01-14,37.04,Groceries
T106473,C10984,2026-01-29,69.86,Books
T101983,C10303,2026-01-15,82.44,Beauty & Personal Care
T103782,C10576,2025-09-23,139.8,Clothing
T103658,C10562,2026-01-26,66.59,Clothing
T104352,C10667,2026-02-09,19.73,Clothing
T100731,C10107,2026-05-25,134.38,Groceries
T104767,C10739,2025-12-03,50.99,Groceries
T105750,C10873,2025-09-18,93.63,Electronics
T103706,C10566,2026-02-12,253.65,Books
T101255,C10198,2026-06-01,36.56,Groceries
T102104,C10325,2026-03-13,276.93,Groceries
T103023,C10467,2026-01-17,374.87,Books
T104996,C10770,2026-04-30,330.73,Clothing
T100898,C10138,2025-12-20,108.46,Clothing
T100428,C10055,2025-10-09,27.26,Groceries
T105319,C10812,2025-07-21,25.02,Home & Kitchen
T102917,C10449,2025-06-25,77.27,Clothing
T105135,C10785,2025-12-14,98.97,Groceries
T105948,C10902,2025-08-22,56.83,Electronics
T101222,C10191,2025-07-08,81.43,Electronics
T103641,C10558,2026-04-03,301.21,Books
T104576,C10701,2025-07-25,219.65,Home & Kitchen
T104639,C10713,2025-10-13,12.81,Groceries
T102941,C10453,2025-07-29,99.08,Electronics
T101096,C10163,2025-06-13,77.93,Home & Kitchen
T102072,C10317,2026-05-26,73.61,Home & Kitchen
T105935,C10899,2026-03-31,39.16,Beauty & Personal Care
T105908,C10895,2026-01-04,246.6,Clothing
T105907,C10895,2026-02-18,18.06,Beauty & Personal Care
T101788,C10275,2025-09-09,43.33,Clothing
T106104,C10923,2025-12-08,129.99,Electronics
T103820,C10582,2025-08-10,94.99,Clothing
T105378,C10822,2025-07-22,338.87,Electronics
T100192,C10027,2026-01-29,227.89,Groceries
T104674,C10723,2026-03-10,116.2,Clothing
T101126,C10168,2025-10-01,75.66,Clothing
T106198,C10942,2026-04-04,18.72,Clothing
T102284,C10346,2026-05-31,95.99,Groceries
T102328,C10353,2025-10-11,89.45,Home & Kitchen
T100304,C10035,2025-09-07,25.45,Clothing
T104962,C10767,2025-09-24,48.74,Clothing
T101292,C10205,2025-09-15,28.95,Home & Kitchen
T100070,C10015,2025-09-26,323.58,Home & Kitchen
T102388,C10367,2025-06-26,46.55,Electronics
T103361,C10518,2026-04-17,31.05,Clothing
T103410,C10523,2025-06-29,86.83,Home & Kitchen
T100831,C10127,2025-12-12,19.04,Beauty & Personal Care
T103258,C10498,2026-02-21,41.24,Groceries
T101456,C10227,2026-01-13,63.63,Groceries
T103997,C10607,2026-04-21,58.96,Books
T100238,C10029,2025-10-18,69.37,Clothing
T100092,C10016,2026-04-30,136.41,Books
T105970,C10904,2025-12-05,92.45,Electronics
T103014,C10467,2025-10-15,288.0,Clothing
T105493,C10843,2025-08-07,134.45,Clothing
T103149,C10482,2026-06-01,246.39,Clothing
T104310,C10658,2026-04-20,80.92,Home & Kitchen
T104640,C10714,2025-11-19,26.9,Beauty & Personal Care
T106255,C10953,2026-01-24,15.77,Groceries
T101001,C10149,2025-11-29,394.39,Clothing
T106307,C10961,2025-10-24,69.54,Clothing
T104505,C10693,2026-05-07,73.0,Electronics
T102199,C10334,2025-08-27,99.02,Electronics
T101532,C10236,2025-10-19,265.88,Clothing
T104393,C10674,2025-12-30,303.57,Groceries
T100411,C10052,2026-03-01,34.95,Clothing
T102415,C10373,2026-01-09,101.13,Home & Kitchen
T106314,C10963,2025-08-22,253.66,Electronics
T103193,C10489,2025-10-28,50.16,Groceries
T102876,C10443,2025-10-12,53.57,Home & Kitchen
T102453,C10375,2025-12-02,260.59,Beauty & Personal Care
T105994,C10909,2026-03-12,39.97,Clothing
T104997,C10770,2025-06-13,450.8,Beauty & Personal Care
T102276,C10345,2025-07-28,103.55,Electronics
T100633,C10089,2025-08-24,83.31,Groceries
T100498,C10063,2026-04-02,34.28,Electronics
T103938,C10602,2026-03-04,236.67,Beauty & Personal Care
T100720,C10106,2025-10-12,76.94,Groceries
T103605,C10557,2026-02-18,276.36,Electronics
T100757,C10110,2026-04-06,60.28,Clothing
T104149,C10630,2026-03-19,20.46,Beauty & Personal Care
T106224,C10945,2026-03-07,37.54,Clothing
T105099,C10778,2026-03-18,108.11,Groceries
T103731,C10571,2025-06-22,283.58,Electronics
T102984,C10462,2025-07-22,72.54,Beauty & Personal Care
T100596,C10082,2025-07-17,15.95,Groceries
T102418,C10373,2026-05-09,102.92,Electronics
T101068,C10158,2025-08-30,249.44,Books
T101942,C10298,2026-03-22,268.27,Beauty & Personal Care
T101647,C10256,2025-08-08,71.2,Books
T103336,C10514,2025-07-16,215.79,Clothing
T101700,C10263,2025-10-14,105.06,Electronics
T105761,C10875,2026-04-15,18.93,Groceries
T105338,C10814,2026-02-13,104.33,Clothing
T100086,C10016,2025-07-26,217.29,Clothing
T102339,C10355,2025-10-23,88.07,Clothing
T105506,C10846,2025-09-04,29.41,Clothing
T101029,C10152,2025-07-09,199.21,Clothing
T102641,C10404,2025-12-16,243.63,Clothing
T103460,C10531,2025-06-11,286.47,Beauty & Personal Care
T102144,C10328,2025-10-06,254.54,Clothing
T104100,C10620,2025-06-23,12.13,Electronics
T101200,C10186,2026-02-27,34.87,Home & Kitchen
T102025,C10309,2026-01-07,257.96,Groceries
T100621,C10086,2025-08-05,75.69,Groceries
T105975,C10905,2026-02-10,17.74,Clothing
T100566,C10078,2026-01-22,43.25,Books
T101837,C10283,2026-03-16,92.14,Groceries
T101334,C10213,2026-03-01,258.57,Beauty & Personal Care
T102955,C10458,2025-07-17,417.76,Clothing
T106259,C10954,2026-05-19,240.61,Home & Kitchen
T102099,C10324,2026-03-30,38.83,Clothing
T104373,C10669,2025-12-08,75.93,Clothing
T105660,C10859,2026-04-27,299.15,Books
T103034,C10467,2026-01-28,320.13,Books
T101688,C10262,2026-03-10,98.79,Electronics
T100745,C10109,2025-08-06,85.18,Clothing
T102187,C10331,2025-09-28,32.15,Electronics
T100195,C10027,2026-04-21,236.45,Groceries
T104553,C10700,2025-11-07,71.17,Groceries
T103789,C10577,2026-03-30,114.23,Home & Kitchen
T104315,C10658,2025-07-18,95.34,Electronics
T100802,C10121,2026-02-15,87.07,Beauty & Personal Care
T103960,C10603,2025-07-26,20.32,Books
T104235,C10644,2025-06-20,116.89,Home & Kitchen
T103859,C10589,2026-03-15,98.79,Clothing
T106387,C10971,2025-08-09,87.64,Electronics
T100644,C10093,2026-02-20,30.41,Beauty & Personal Care
T105805,C10881,2026-05-17,233.36,Electronics
T104915,C10760,2026-03-23,80.31,Books
T105890,C10895,2025-10-22,151.65,Books
T104550,C10700,2026-02-09,106.56,Electronics
T100120,C10020,2026-02-15,301.7,Clothing
T101777,C10273,2026-05-04,24.35,Clothing
T103856,C10589,2025-11-08,80.78,Electronics
T105274,C10807,2025-12-07,17.39,Home & Kitchen
T102135,C10326,2025-06-18,92.09,Books
T102963,C10458,2025-10-09,277.56,Beauty & Personal Care
T103886,C10592,2025-11-09,59.92,Books
T100134,C10021,2026-02-14,28.55,Home & Kitchen
T105799,C10881,2026-01-11,194.05,Electronics
T102939,C10453,2025-10-10,100.19,Groceries
T102677,C10412,2025-11-19,58.38,Groceries
T100062,C10015,2026-03-04,250.19,Groceries
T104272,C10647,2025-11-26,159.46,Clothing
T105715,C10867,2025-07-26,141.1,Clothing
T104526,C10696,2025-10-31,132.19,Home & Kitchen
T103607,C10557,2026-04-17,370.0,Electronics
T100679,C10101,2026-05-17,77.08,Home & Kitchen
T103347,C10515,2025-06-02,42.35,Groceries
T100741,C10108,2025-07-08,49.36,Electronics
T101211,C10189,2026-05-04,86.34,Beauty & Personal Care
T102170,C10329,2025-07-13,123.07,Home & Kitchen
T103195,C10489,2025-07-21,31.22,Electronics
T104825,C10748,2026-01-08,108.7,Home & Kitchen
T100567,C10078,2025-11-08,58.7,Home & Kitchen
T101873,C10287,2026-01-03,86.23,Home & Kitchen
T104781,C10741,2025-07-22,39.42,Electronics
T101717,C10266,2026-04-25,191.32,Groceries
T101392,C10217,2025-07-08,81.41,Clothing
T104925,C10762,2025-10-08,73.89,Clothing
T103102,C10478,2026-01-26,130.58,Clothing
T100489,C10061,2025-12-21,102.52,Clothing
T103901,C10595,2025-12-17,83.38,Electronics
T100690,C10102,2025-11-17,20.79,Clothing
T105424,C10829,2026-05-01,100.7,Groceries
T100602,C10083,2025-07-02,90.03,Home & Kitchen
T101911,C10293,2025-09-08,123.65,Home & Kitchen
T104728,C10729,2025-10-20,327.7,Clothing
T103560,C10552,2026-05-04,74.3,Electronics
T104641,C10714,2025-07-01,23.47,Electronics
T101187,C10182,2025-12-02,99.56,Clothing
T100274,C10032,2025-06-07,83.05,Beauty & Personal Care
T103434,C10530,2026-01-26,131.2,Home & Kitchen
T101361,C10215,2025-08-29,300.31,Groceries
T104520,C10696,2025-08-28,177.2,Home & Kitchen
T101526,C10236,2026-03-19,343.95,Beauty & Personal Care
T103480,C10535,2026-01-24,55.51,Electronics
T103728,C10571,2025-07-22,265.0,Electronics
T103618,C10557,2025-09-20,375.64,Clothing
T102781,C10429,2025-10-11,77.93,Electronics
T102771,C10426,2025-06-02,18.0,Electronics
T106457,C10981,2025-06-12,115.98,Clothing
T103617,C10557,2025-12-06,301.69,Electronics
T100945,C10144,2025-12-31,88.83,Home & Kitchen
T105160,C10792,2026-02-24,26.73,Home & Kitchen
T102250,C10340,2025-08-08,268.69,Home & Kitchen
T105413,C10828,2025-08-17,46.06,Groceries
T104053,C10615,2025-11-25,16.02,Groceries
T100068,C10015,2025-09-24,323.59,Electronics
T104803,C10743,2025-07-20,148.82,Clothing
T104657,C10717,2025-12-12,37.17,Groceries
T101598,C10250,2026-02-05,313.47,Electronics
T102865,C10438,2026-03-25,49.27,Home & Kitchen
T104738,C10731,2025-06-23,220.64,Groceries
T104248,C10645,2026-02-24,306.29,Clothing
T101503,C10232,2026-04-04,58.95,Clothing
T102706,C10419,2026-05-02,344.27,Groceries
T100150,C10024,2025-09-30,112.19,Beauty & Personal Care
T104121,C10625,2025-11-13,303.02,Books
T102086,C10321,2025-09-03,74.25,Beauty & Personal Care
T105988,C10907,2025-08-06,70.63,Home & Kitchen
T102259,C10340,2025-09-13,285.01,Electronics
T105508,C10847,2026-05-09,92.91,Beauty & Personal Care
T102598,C10398,2025-08-12,87.3,Groceries
T102458,C10375,2026-02-05,321.36,Groceries
T100859,C10132,2025-08-08,291.27,Beauty & Personal Care
T102337,C10355,2026-04-23,98.72,Clothing
T105708,C10867,2026-03-21,123.72,Electronics
T103044,C10468,2026-05-30,196.75,Home & Kitchen
T100366,C10047,2026-03-05,42.07,Home & Kitchen
T101432,C10225,2025-07-05,117.56,Electronics
T104604,C10705,2025-09-27,56.21,Books
T101779,C10274,2025-11-08,88.08,Clothing
T103882,C10591,2025-09-13,193.05,Electronics
T103837,C10586,2025-06-06,72.21,Electronics
T101818,C10281,2025-11-28,86.05,Beauty & Personal Care
T105624,C10856,2025-12-21,248.82,Groceries
T100841,C10128,2025-06-26,248.93,Groceries
T101189,C10182,2026-04-29,88.4,Electronics
T100175,C10026,2026-05-10,208.63,Electronics
T104241,C10645,2025-09-17,326.24,Beauty & Personal Care
T103912,C10598,2026-01-06,91.48,Home & Kitchen
T102093,C10322,2025-11-13,52.16,Clothing
T102559,C10392,2026-03-02,23.26,Books
T103532,C10545,2025-12-15,340.5,Electronics
T104660,C10717,2025-12-11,73.52,Groceries
T101030,C10152,2026-04-11,237.48,Books
T106174,C10939,2026-01-29,113.68,Beauty & Personal Care
T100300,C10034,2026-03-25,20.04,Clothing
T101472,C10229,2025-10-02,56.13,Clothing
T100283,C10033,2025-07-15,232.5,Clothing
T105743,C10872,2025-06-25,46.37,Home & Kitchen
T105824,C10883,2025-08-29,68.03,Books
T105204,C10797,2026-04-16,103.97,Clothing
T101813,C10280,2025-10-13,22.58,Home & Kitchen
T101271,C10201,2026-03-05,103.51,Clothing
T102351,C10357,2025-06-29,88.14,Beauty & Personal Care
T103534,C10545,2026-01-18,450.47,Groceries
T103290,C10503,2026-01-13,121.35,Groceries
T102313,C10350,2026-04-09,77.33,Groceries
T102008,C10309,2026-03-04,281.73,Books
T103781,C10576,2026-01-10,175.6,Beauty & Personal Care
T103353,C10516,2026-05-10,84.5,Clothing
T106156,C10934,2026-05-19,79.01,Groceries
T105367,C10820,2025-06-13,328.87,Clothing
T105763,C10875,2026-05-30,9.32,Beauty & Personal Care
T100099,C10017,2026-05-23,324.31,Books
T103650,C10561,2025-09-02,92.6,Clothing
T100744,C10108,2026-02-20,76.32,Clothing
T106082,C10921,2025-10-31,271.54,Beauty & Personal Care
T100480,C10060,2026-05-23,337.39,Books
T105923,C10898,2025-11-17,89.09,Groceries
T106390,C10971,2025-12-20,79.84,Home & Kitchen
T104624,C10708,2026-05-16,104.17,Groceries
T101157,C10177,2026-02-19,55.63,Books
T101437,C10225,2026-04-16,128.76,Home & Kitchen
T103543,C10547,2025-12-28,19.42,Clothing
T100402,C10051,2026-03-30,268.9,Clothing
T102195,C10333,2025-10-11,92.2,Home & Kitchen
T100949,C10144,2026-01-17,108.53,Beauty & Personal Care
T102067,C10317,2025-07-16,70.27,Clothing
T102799,C10431,2025-08-23,39.87,Electronics
T104581,C10702,2025-06-22,70.06,Books
T100668,C10097,2026-03-22,16.91,Clothing
T100218,C10028,2025-10-05,252.14,Beauty & Personal Care
T101962,C10301,2025-10-17,340.75,Beauty & Personal Care
T102603,C10400,2025-07-12,84.93,Electronics
T104771,C10739,2025-10-04,40.16,Groceries
T102213,C10336,2025-10-05,322.95,Books
T103520,C10541,2026-05-24,39.19,Clothing
T104267,C10647,2026-04-24,127.61,Books
T104382,C10671,2026-01-09,74.43,Clothing
T104783,C10742,2025-08-07,39.81,Home & Kitchen
T102145,C10328,2025-11-01,340.19,Electronics
T100777,C10114,2026-03-23,42.12,Groceries
T104755,C10735,2026-04-29,77.15,Electronics
T105352,C10818,2026-02-20,89.12,Books
T103844,C10586,2026-03-31,90.64,Electronics
T101491,C10230,2025-09-20,399.42,Home & Kitchen
T103768,C10576,2025-11-15,225.17,Books
T102481,C10378,2026-03-01,50.7,Groceries
T105267,C10805,2025-09-16,16.52,Clothing
T104909,C10757,2026-01-21,193.97,Clothing
T104647,C10715,2025-06-19,63.62,Clothing
T100517,C10070,2025-09-25,61.14,Clothing
T104558,C10701,2026-01-29,251.61,Electronics
T105291,C10810,2026-02-03,273.46,Beauty & Personal Care
T103303,C10505,2025-12-23,12.41,Home & Kitchen
T104487,C10691,2026-05-23,131.3,Books
T106408,C10972,2025-11-02,287.53,Clothing
T102892,C10445,2025-11-28,98.54,Groceries
T103211,C10492,2025-11-09,11.65,Clothing
T100568,C10078,2026-03-21,45.76,Clothing
T100360,C10046,2025-11-16,88.93,Clothing
T104260,C10647,2026-01-21,277.27,Books
T104165,C10635,2026-05-01,33.29,Groceries
T100759,C10110,2025-06-15,68.01,Electronics
T103105,C10478,2025-11-01,111.26,Beauty & Personal Care
T106225,C10946,2026-05-03,42.49,Electronics
T105328,C10813,2026-01-13,104.53,Groceries
T104270,C10647,2026-03-07,220.78,Groceries
T100214,C10028,2026-02-14,260.64,Clothing
T104527,C10696,2026-04-18,239.78,Home & Kitchen
T106582,C10999,2025-10-26,26.12,Clothing
T103833,C10584,2025-07-31,25.69,Clothing
T104410,C10678,2026-03-26,19.76,Home & Kitchen
T103646,C10558,2025-12-30,323.27,Groceries
T102244,C10339,2025-09-05,32.19,Electronics
T100725,C10107,2025-07-15,174.1,Beauty & Personal Care
T103027,C10467,2025-11-13,339.64,Books
T100049,C10013,2026-02-15,81.87,Groceries
T105138,C10785,2025-06-28,87.83,Clothing
T100887,C10133,2026-05-26,26.85,Home & Kitchen
T105989,C10908,2025-08-05,37.24,Clothing
T104517,C10696,2025-12-22,218.79,Books
T100516,C10069,2026-05-02,31.12,Groceries
T102622,C10404,2026-01-09,258.72,Clothing
T100139,C10022,2026-01-13,115.99,Home & Kitchen
T102596,C10398,2026-03-31,60.19,Electronics
T103866,C10591,2026-02-23,301.22,Books
T103555,C10552,2026-05-31,70.32,Groceries
T103024,C10467,2025-12-07,223.69,Home & Kitchen
T100463,C10060,2025-12-06,354.48,Groceries
T103973,C10605,2025-12-17,81.41,Electronics
T103722,C10570,2025-12-27,31.09,Clothing
T100594,C10081,2026-02-15,33.45,Electronics
T100450,C10058,2025-08-07,272.21,Electronics
T103257,C10498,2025-12-24,31.74,Home & Kitchen
T103053,C10471,2025-09-02,130.92,Electronics
T100312,C10037,2026-05-24,35.73,Books
T102664,C10410,2025-10-01,45.81,Groceries
T105072,C10776,2026-01-26,108.91,Clothing
T100451,C10058,2025-10-30,323.1,Clothing
T105889,C10895,2025-10-08,145.49,Electronics
T100890,C10135,2026-03-16,21.45,Electronics
T103441,C10531,2026-05-21,170.98,Clothing
T101506,C10232,2025-10-30,69.44,Clothing
T102680,C10412,2025-06-27,92.04,Electronics
T106152,C10933,2025-11-19,31.66,Home & Kitchen
T100999,C10149,2025-10-02,376.79,Electronics
T100389,C10049,2025-06-02,266.01,Clothing
T102330,C10353,2025-08-06,74.61,Groceries
T101476,C10230,2026-05-19,265.46,Electronics
T102240,C10338,2025-08-14,77.39,Groceries
T106101,C10923,2025-08-21,186.29,Electronics
T105914,C10897,2025-08-05,98.16,Beauty & Personal Care
T105478,C10842,2025-10-10,319.94,Electronics
T106268,C10954,2025-10-17,305.53,Beauty & Personal Care
T101923,C10295,2025-09-21,106.16,Groceries
T100758,C10110,2026-03-16,44.63,Electronics
T105361,C10820,2025-11-29,349.75,Groceries
T105747,C10873,2026-02-24,97.35,Beauty & Personal Care
T101293,C10205,2026-01-24,33.17,Clothing
T105789,C10879,2025-06-22,28.62,Groceries
T105494,C10843,2025-12-09,109.68,Groceries
T101907,C10293,2025-07-17,73.28,Home & Kitchen
T104509,C10693,2026-03-31,66.26,Electronics
T104546,C10700,2025-07-02,84.15,Electronics
T100368,C10047,2025-12-03,41.44,Groceries
T101937,C10298,2026-05-06,278.19,Home & Kitchen
T101151,C10175,2026-05-30,35.56,Groceries
T104154,C10633,2025-06-06,95.05,Clothing
T103945,C10602,2025-06-19,299.82,Books
T106474,C10984,2025-11-18,78.12,Books
T100191,C10027,2026-05-12,260.0,Clothing
T104166,C10635,2025-12-12,27.84,Electronics
T103164,C10484,2025-09-27,146.34,Home & Kitchen
T100174,C10026,2026-03-03,181.1,Groceries
T103802,C10579,2026-04-20,81.97,Beauty & Personal Care
T104650,C10716,2025-10-17,99.52,Groceries
T106161,C10934,2026-02-14,94.46,Groceries
T102534,C10387,2025-09-03,83.12,Beauty & Personal Care
T102292,C10347,2025-08-16,16.74,Electronics
T105718,C10867,2026-02-10,190.19,Electronics
T106401,C10972,2025-12-29,268.71,Clothing
T103406,C10523,2025-07-02,107.19,Books
T103085,C10474,2025-10-09,67.33,Electronics
T101164,C10179,2026-04-20,73.87,Clothing
T103256,C10497,2025-08-06,56.45,Home & Kitchen
T104152,C10631,2026-01-27,37.87,Clothing
T104886,C10757,2026-03-11,196.56,Groceries
T106248,C10950,2026-04-07,76.83,Beauty & Personal Care
T101661,C10258,2026-05-26,78.48,Home & Kitchen
T100508,C10066,2026-01-21,77.85,Groceries
T100166,C10025,2025-06-15,75.71,Electronics
T103524,C10544,2026-05-20,24.86,Home & Kitchen
T104502,C10693,2026-05-17,43.55,Electronics
T102732,C10420,2025-08-19,117.12,Electronics
T105546,C10849,2025-12-18,318.13,Home & Kitchen
T100103,C10017,2025-06-30,295.92,Home & Kitchen
T102921,C10449,2026-03-24,78.42,Electronics
T106099,C10923,2025-06-01,138.85,Clothing
T105235,C10800,2025-11-14,373.64,Groceries
T101752,C10271,2026-03-07,68.63,Clothing
T105866,C10892,2025-12-27,65.05,Electronics
T103276,C10501,2025-11-04,25.12,Beauty & Personal Care
T101658,C10258,2025-08-10,65.15,Clothing
T100152,C10024,2025-06-13,98.23,Electronics
T103131,C10482,2025-08-09,289.35,Electronics
T102483,C10379,2025-10-29,28.39,Clothing
T101583,C10248,2025-10-16,225.9,Beauty & Personal Care
T104697,C10727,2025-10-13,49.48,Beauty & Personal Care
T106456,C10981,2025-10-04,83.31,Clothing
T104816,C10747,2025-06-21,71.45,Books
T106508,C10990,2025-11-06,56.73,Groceries
T102209,C10336,2026-02-28,345.52,Electronics
T103703,C10566,2025-09-05,238.03,Beauty & Personal Care
T103785,C10577,2025-07-30,86.42,Home & Kitchen
T101822,C10281,2025-08-11,85.85,Clothing
T105062,C10776,2025-06-19,94.74,Books
T104013,C10611,2025-07-25,67.28,Electronics
T100309,C10036,2025-10-30,58.46,Clothing
T100212,C10027,2026-01-24,264.88,Groceries
T102943,C10454,2026-01-03,27.97,Groceries
T104958,C10767,2025-11-17,49.82,Electronics
T100495,C10062,2025-09-14,61.12,Electronics
T100205,C10027,2025-12-22,170.29,Clothing
T101434,C10225,2025-11-14,102.14,Beauty & Personal Care
T101135,C10171,2025-12-27,48.74,Groceries
T100868,C10132,2026-01-05,292.55,Home & Kitchen
T100305,C10036,2026-02-03,63.25,Clothing
T101849,C10284,2025-06-09,266.71,Clothing
T106143,C10929,2026-04-27,44.96,Home & Kitchen
T101988,C10303,2025-11-20,59.88,Clothing
T103317,C10512,2026-04-21,10.96,Clothing
T101534,C10237,2026-01-09,72.38,Groceries
T100843,C10128,2025-09-28,234.31,Electronics
T101987,C10303,2026-04-24,77.25,Beauty & Personal Care
T103580,C10554,2025-07-05,104.74,Electronics
T104398,C10674,2025-12-19,384.21,Clothing
T104568,C10701,2026-05-03,351.1,Clothing
T106145,C10930,2026-04-17,24.2,Electronics
T101538,C10237,2025-12-09,61.83,Books
T100211,C10027,2025-08-02,273.96,Home & Kitchen
T101957,C10300,2025-09-03,116.01,Home & Kitchen
T104290,C10653,2026-01-19,71.0,Home & Kitchen
T103784,C10576,2025-07-16,215.15,Clothing
T102818,C10433,2026-01-27,314.57,Electronics
T104945,C10766,2026-03-16,96.95,Groceries
T101349,C10214,2025-11-17,79.16,Books
T105216,C10798,2026-01-01,192.97,Books
T105020,C10771,2025-08-30,73.03,Beauty & Personal Care
T100680,C10101,2026-05-23,68.83,Home & Kitchen
T100180,C10026,2025-11-01,198.55,Home & Kitchen
T106264,C10954,2026-02-06,227.15,Books
T102688,C10415,2025-07-03,80.58,Clothing
T105067,C10776,2025-10-26,123.88,Clothing
T100278,C10033,2025-10-17,297.88,Groceries
T103961,C10604,2025-11-29,88.07,Groceries
T102480,C10377,2026-03-04,47.7,Groceries
T100289,C10033,2025-09-17,263.25,Clothing
T104927,C10762,2025-06-19,84.98,Clothing
T100993,C10149,2026-02-27,314.06,Groceries
T102236,C10338,2026-03-17,76.02,Books
T103135,C10482,2026-04-29,313.38,Electronics
T103707,C10566,2026-05-04,347.49,Beauty & Personal Care
T104625,C10708,2026-04-25,117.75,Home & Kitchen
T105261,C10803,2025-06-21,64.63,Clothing
T102646,C10405,2026-01-25,16.96,Home & Kitchen
T100270,C10032,2026-03-17,119.39,Groceries
T105574,C10852,2026-04-24,85.5,Home & Kitchen
T105366,C10820,2025-10-29,412.21,Beauty & Personal Care
T102707,C10419,2025-11-15,338.22,Home & Kitchen
T106447,C10980,2026-02-08,40.44,Electronics
T100111,C10017,2025-09-29,334.71,Clothing
T101391,C10217,2025-10-12,41.04,Books
T100220,C10028,2026-02-22,392.14,Home & Kitchen
T103877,C10591,2025-10-09,297.39,Clothing
T100083,C10015,2026-01-26,279.6,Beauty & Personal Care
T100873,C10132,2025-12-14,223.07,Clothing
T104080,C10617,2026-05-18,285.92,Groceries
T100461,C10060,2025-12-20,345.54,Electronics
T106411,C10972,2025-10-08,304.5,Home & Kitchen
T100551,C10075,2026-05-05,51.84,Clothing
T102842,C10435,2025-11-08,112.57,Electronics
T103836,C10586,2026-05-01,85.08,Clothing
T105521,C10848,2025-06-09,202.46,Electronics
T104139,C10628,2026-03-10,333.37,Books
T106192,C10941,2025-10-19,187.66,Groceries
T103341,C10514,2025-11-10,271.95,Beauty & Personal Care
T102450,C10375,2026-03-07,250.57,Clothing
T102329,C10353,2026-04-16,91.76,Clothing
T102146,C10328,2025-12-22,185.66,Home & Kitchen
T103467,C10533,2025-09-07,39.51,Home & Kitchen
T105132,C10784,2025-07-13,30.91,Clothing
T100650,C10095,2025-09-29,39.3,Clothing
T100708,C10104,2026-05-14,60.16,Electronics
T105613,C10854,2025-09-25,97.51,Clothing
T102918,C10449,2026-03-21,68.71,Clothing
T103932,C10601,2026-02-24,48.38,Books
T104392,C10674,2026-01-27,346.42,Electronics
T101424,C10224,2026-03-20,68.69,Groceries
T101216,C10189,2025-10-01,86.64,Home & Kitchen
T105009,C10770,2026-04-07,288.08,Clothing
T101924,C10296,2025-11-28,37.74,Home & Kitchen
T106370,C10966,2025-08-30,156.17,Clothing
T103246,C10496,2026-04-18,321.14,Groceries
T100314,C10038,2026-01-27,75.74,Home & Kitchen
T103298,C10504,2026-01-30,66.36,Home & Kitchen
T101427,C10224,2025-08-25,67.81,Books
T105422,C10829,2025-09-23,117.25,Home & Kitchen
T104302,C10656,2026-03-20,20.18,Books
T103413,C10524,2026-04-16,17.83,Electronics
T105309,C10811,2025-09-02,195.92,Groceries
T105436,C10832,2025-09-15,67.32,Clothing
T103858,C10589,2026-05-01,90.86,Electronics
T104827,C10748,2025-10-21,117.05,Groceries
T103948,C10602,2026-04-12,240.15,Home & Kitchen
T106583,C11000,2025-08-19,9.57,Beauty & Personal Care
T103058,C10471,2026-03-15,110.0,Home & Kitchen
T100684,C10101,2025-09-12,39.67,Electronics
T105121,C10781,2026-03-28,28.84,Electronics
T106023,C10914,2026-01-25,50.6,Groceries
T104335,C10662,2025-07-10,40.55,Clothing
T102451,C10375,2025-08-28,254.79,Home & Kitchen
T103655,C10561,2025-08-04,91.95,Electronics
T100326,C10039,2026-01-13,113.91,Clothing
T105491,C10843,2026-02-20,118.54,Home & Kitchen
T102176,C10329,2025-09-10,84.15,Home & Kitchen
T104087,C10618,2025-06-07,73.87,Groceries
T103622,C10558,2026-04-20,211.43,Groceries
T105682,C10862,2026-02-27,27.59,Clothing
T102827,C10434,2026-02-12,268.54,Groceries
T105168,C10794,2025-07-11,185.87,Beauty & Personal Care
T102840,C10435,2026-01-04,94.85,Clothing
T101676,C10259,2026-02-23,259.03,Electronics
T100348,C10045,2026-05-12,44.7,Beauty & Personal Care
T101626,C10254,2026-03-15,96.7,Clothing
T103869,C10591,2025-07-21,335.05,Groceries
T106366,C10966,2025-11-07,156.8,Electronics
T102985,C10462,2026-05-24,82.96,Clothing
T100871,C10132,2025-08-11,219.71,Home & Kitchen
T105257,C10802,2025-10-12,53.61,Beauty & Personal Care
T103181,C10486,2025-07-03,22.85,Clothing
T104163,C10634,2025-09-21,35.16,Clothing
T102218,C10336,2025-11-02,450.54,Clothing
T106404,C10972,2025-06-09,335.49,Clothing
T102121,C10325,2025-07-24,375.63,Electronics
T104556,C10701,2025-08-01,228.22,Home & Kitchen
T102908,C10448,2025-12-11,59.25,Home & Kitchen
T100085,C10016,2025-11-21,146.43,Beauty & Personal Care
T103400,C10522,2025-09-30,370.41,Books
T101877,C10287,2026-03-13,71.39,Home & Kitchen
T105181,C10795,2025-06-10,279.59,Groceries
T102640,C10404,2026-04-09,344.99,Home & Kitchen
T105621,C10856,2026-02-15,74.06,Groceries
T102877,C10443,2026-03-04,57.6,Home & Kitchen
T100494,C10062,2025-08-04,75.88,Groceries
T103571,C10553,2025-11-14,124.2,Clothing
T102525,C10385,2025-07-05,76.04,Electronics
T106132,C10927,2026-01-20,111.57,Beauty & Personal Care
T104602,C10705,2026-05-07,97.12,Electronics
T103332,C10514,2026-04-20,363.57,Clothing
T101270,C10201,2025-12-27,110.74,Electronics
T103210,C10491,2025-06-06,49.47,Groceries
T106195,C10941,2025-06-25,213.87,Clothing
T103187,C10488,2026-01-11,117.18,Groceries
T105428,C10830,2025-06-21,27.15,Groceries
T100618,C10086,2026-05-29,75.83,Books
T105619,C10855,2025-12-03,33.41,Groceries
T103808,C10580,2025-08-31,379.17,Beauty & Personal Care
T106569,C10998,2025-09-18,268.32,Home & Kitchen
T106578,C10998,2025-08-06,216.57,Books
T105402,C10826,2025-06-17,41.61,Books
T106081,C10921,2026-03-19,226.48,Groceries
T101413,C10222,2026-01-25,87.94,Clothing
T102201,C10334,2026-04-13,88.84,Clothing
T105404,C10827,2025-11-18,84.64,Groceries
T104897,C10757,2025-08-07,179.15,Beauty & Personal Care
T100869,C10132,2025-07-15,360.13,Clothing
T102358,C10360,2025-11-05,34.6,Groceries
T102006,C10308,2025-08-27,18.94,Electronics
T105344,C10815,2026-01-13,18.25,Clothing
T104714,C10729,2026-05-01,252.13,Beauty & Personal Care
T100356,C10046,2026-02-07,80.86,Books
T101162,C10178,2026-05-31,37.29,Clothing
T104985,C10768,2026-01-28,352.84,Clothing
T102704,C10419,2026-02-22,349.49,Groceries
T105212,C10798,2025-07-27,169.66,Home & Kitchen
T105079,C10777,2025-06-05,358.99,Electronics
T106490,C10986,2026-05-25,254.93,Clothing
T101890,C10290,2025-09-22,62.04,Clothing
T100579,C10079,2025-08-26,369.44,Electronics
T105333,C10814,2026-02-15,127.43,Home & Kitchen
T104861,C10750,2025-07-28,179.02,Books
T101691,C10263,2026-04-28,92.68,Clothing
T100862,C10132,2026-01-21,337.0,Groceries
T104437,C10686,2025-09-17,24.2,Electronics
T103970,C10604,2026-02-06,53.75,Home & Kitchen
T102380,C10362,2025-06-12,35.79,Home & Kitchen
T102378,C10362,2025-06-24,44.04,Electronics
T104622,C10708,2025-12-26,85.52,Home & Kitchen
T105084,C10777,2026-03-07,332.9,Electronics
T105189,C10795,2026-01-22,388.46,Home & Kitchen
T101116,C10167,2025-11-14,120.69,Electronics
T101541,C10239,2025-07-23,33.22,Clothing
T103319,C10512,2026-03-28,27.47,Groceries
T105050,C10774,2026-05-15,275.57,Groceries
T106047,C10918,2025-12-20,93.28,Groceries
T104633,C10711,2025-09-23,20.73,Beauty & Personal Care
T104423,C10679,2025-07-09,102.4,Books
T105441,C10833,2025-08-02,29.54,Electronics
T106466,C10983,2025-12-03,90.1,Clothing
T105882,C10893,2025-12-07,337.19,Electronics
T102500,C10383,2025-09-30,347.68,Groceries
T105803,C10881,2025-08-13,317.47,Home & Kitchen
T103263,C10499,2026-02-04,108.93,Groceries
T105820,C10883,2026-04-22,77.49,Home & Kitchen
T106476,C10984,2026-02-05,121.13,Beauty & Personal Care
T102907,C10448,2025-06-12,49.05,Books
T104942,C10764,2026-03-08,34.2,Clothing
T106273,C10954,2025-11-04,203.08,Electronics
T102952,C10458,2025-08-01,353.72,Home & Kitchen
T105483,C10842,2025-09-21,345.9,Home & Kitchen
T104878,C10754,2026-04-11,27.67,Groceries
T104354,C10668,2025-10-22,227.73,Books
T106531,C10994,2025-08-24,96.4,Books
T102052,C10313,2025-06-07,89.16,Electronics
T101776,C10273,2026-01-17,21.47,Clothing
T104224,C10644,2026-01-23,107.19,Groceries
T102536,C10387,2025-10-29,104.02,Home & Kitchen
T104710,C10729,2026-03-05,217.65,Clothing
T103227,C10495,2025-11-02,115.27,Electronics
T101592,C10249,2025-08-21,38.07,Electronics
T101723,C10266,2025-06-13,212.57,Books
T105143,C10785,2026-03-01,92.1,Books
T102611,C10402,2025-11-02,70.57,Clothing
T104456,C10689,2025-07-19,30.39,Electronics
T100490,C10061,2025-08-02,89.18,Books
T105523,C10848,2025-08-17,204.81,Home & Kitchen
T101006,C10149,2025-07-12,392.92,Groceries
T106437,C10978,2025-09-09,54.42,Electronics
T102503,C10383,2025-11-24,288.53,Electronics
T105754,C10873,2025-09-14,91.38,Home & Kitchen
T102314,C10350,2026-05-25,79.86,Home & Kitchen
T102554,C10390,2025-10-15,11.22,Electronics
T101417,C10222,2026-05-09,59.5,Clothing
T100025,C10008,2025-09-21,23.65,Groceries
T102409,C10370,2025-08-05,12.65,Home & Kitchen
T101113,C10166,2025-12-17,29.35,Electronics
T103667,C10563,2026-01-08,261.29,Groceries
T101552,C10242,2025-06-20,14.3,Clothing
T106563,C10998,2025-10-19,277.46,Home & Kitchen
T104904,C10757,2026-03-29,267.38,Groceries
T104159,C10633,2025-09-25,81.46,Clothing
T100433,C10056,2026-01-04,114.84,Groceries
T104913,C10758,2026-05-26,27.09,Home & Kitchen
T102655,C10407,2026-01-09,68.01,Home & Kitchen
T106389,C10971,2026-02-06,120.3,Groceries
T104443,C10688,2025-07-26,91.32,Groceries
T103567,C10553,2025-12-28,120.64,Books
T106286,C10955,2026-04-21,27.25,Beauty & Personal Care
T103940,C10602,2026-02-03,273.1,Clothing
T104871,C10752,2025-12-27,48.49,Electronics
T103628,C10558,2025-11-19,233.2,Electronics
T102518,C10384,2025-11-19,87.26,Clothing
T106325,C10963,2026-01-15,127.96,Clothing
T101102,C10164,2026-05-23,35.89,Home & Kitchen
T102948,C10458,2026-05-10,321.04,Groceries
T105834,C10885,2025-12-22,29.74,Electronics
T103815,C10581,2025-09-08,14.51,Groceries
T104866,C10751,2025-11-25,78.04,Groceries
T104651,C10716,2025-07-24,112.65,Electronics
T100194,C10027,2025-10-24,225.84,Home & Kitchen
T100615,C10085,2025-11-18,74.31,Electronics
T100643,C10093,2025-07-23,24.12,Groceries
T105605,C10853,2025-10-06,277.56,Clothing
T103038,C10468,2026-05-10,112.88,Clothing
T105552,C10849,2025-08-17,207.7,Clothing
T100330,C10039,2025-07-21,96.36,Books
T102207,C10336,2025-07-21,363.34,Books
T104295,C10653,2026-04-27,40.47,Groceries
T106110,C10923,2026-04-22,226.81,Groceries
T102670,C10411,2026-05-27,98.13,Groceries
T103968,C10604,2026-02-01,89.94,Books
T100483,C10061,2025-10-22,92.35,Electronics
T102420,C10373,2026-02-05,112.77,Electronics
T102602,C10399,2026-04-20,35.55,Groceries
T100719,C10106,2026-03-15,71.47,Electronics
T102991,C10463,2025-08-09,41.74,Electronics
T102059,C10313,2025-11-13,101.94,Electronics
T102566,C10393,2025-08-30,67.14,Home & Kitchen
T104378,C10669,2025-09-28,78.33,Home & Kitchen
T100032,C10010,2026-03-27,26.8,Clothing
T100664,C10097,2026-04-15,45.98,Home & Kitchen
T105165,C10794,2026-01-03,272.86,Clothing
T104144,C10628,2025-12-11,257.21,Groceries
T101444,C10226,2026-05-02,103.14,Home & Kitchen
T102906,C10448,2026-05-23,59.75,Home & Kitchen
T102886,C10444,2025-07-27,95.19,Home & Kitchen
T106414,C10973,2025-10-04,45.61,Books
T101705,C10264,2026-05-05,35.08,Clothing
T105360,C10819,2025-12-31,39.65,Electronics
T106064,C10920,2025-11-26,53.86,Groceries
T104567,C10701,2025-06-12,217.04,Electronics
T104216,C10644,2025-10-13,268.7,Beauty & Personal Care
T100118,C10018,2026-04-27,26.84,Clothing
T102277,C10345,2026-03-27,76.13,Books
T101401,C10218,2026-03-04,46.92,Clothing
T104012,C10611,2025-12-14,49.52,Electronics
T102456,C10375,2025-06-06,267.38,Electronics
T100170,C10026,2026-02-17,122.79,Electronics
T100540,C10074,2025-11-27,110.97,Electronics
T106253,C10951,2026-01-08,35.89,Home & Kitchen
T104920,C10760,2026-04-19,102.09,Books
T103536,C10545,2025-07-24,379.62,Groceries
T104559,C10701,2026-02-14,311.27,Clothing
T105850,C10890,2026-04-10,62.69,Home & Kitchen
T100674,C10100,2025-06-09,15.57,Clothing
T103513,C10539,2026-03-24,29.76,Groceries
T105445,C10834,2026-02-15,36.11,Clothing
T101815,C10281,2025-07-10,75.85,Home & Kitchen
T103095,C10476,2026-03-16,36.09,Groceries
T102100,C10324,2025-12-05,36.62,Clothing
T103755,C10575,2025-10-29,64.52,Groceries
T106522,C10992,2025-12-18,24.08,Electronics
T106299,C10959,2025-08-01,71.88,Electronics
T102101,C10324,2025-07-07,30.23,Electronics
T105566,C10851,2025-09-24,118.83,Home & Kitchen
T104745,C10731,2026-04-25,274.64,Clothing
T101548,C10241,2025-12-24,29.61,Electronics
T103575,C10554,2025-12-22,77.17,Beauty & Personal Care
T103049,C10469,2025-10-14,43.42,Home & Kitchen
T100355,C10046,2026-01-10,66.1,Groceries
T104969,C10768,2026-03-31,343.69,Electronics
T105247,C10800,2025-09-14,192.29,Home & Kitchen
T106247,C10950,2025-12-09,111.87,Clothing
T102535,C10387,2026-05-23,84.96,Electronics
T105815,C10882,2025-07-08,82.48,Electronics
T104678,C10723,2025-06-28,116.78,Clothing
T102373,C10361,2025-08-07,68.94,Clothing
T101051,C10157,2025-08-26,56.68,Groceries
T102321,C10351,2025-08-08,43.5,Electronics
T105887,C10895,2026-03-30,121.32,Clothing
T104228,C10644,2025-09-01,189.69,Groceries
T101751,C10271,2025-12-18,88.61,Groceries
T102986,C10462,2025-07-04,95.52,Clothing
T101772,C10272,2026-03-25,310.77,Home & Kitchen
T101196,C10185,2025-12-14,35.72,Electronics
T101878,C10287,2025-12-07,49.28,Home & Kitchen
T102668,C10411,2026-05-27,116.87,Clothing
T102016,C10309,2026-02-02,235.54,Home & Kitchen
T102005,C10307,2025-10-05,34.61,Groceries
T105326,C10813,2026-01-07,89.63,Beauty & Personal Care
T101482,C10230,2025-12-27,357.86,Home & Kitchen
T100328,C10039,2025-11-04,105.9,Home & Kitchen
T100648,C10094,2025-09-22,41.0,Beauty & Personal Care
T103016,C10467,2026-01-07,241.21,Beauty & Personal Care
T101123,C10168,2025-10-31,53.97,Books
T103355,C10516,2025-12-10,80.86,Beauty & Personal Care
T102788,C10430,2025-07-10,192.27,Home & Kitchen
T103563,C10552,2025-10-01,88.73,Beauty & Personal Care
T105929,C10898,2026-05-18,93.91,Clothing
T103428,C10527,2025-08-15,26.56,Home & Kitchen
T103378,C10521,2026-04-29,57.71,Electronics
T105499,C10844,2025-09-30,118.87,Electronics
T101259,C10199,2025-06-27,22.86,Electronics
T103656,C10561,2026-03-31,86.59,Home & Kitchen
T105471,C10840,2026-04-03,44.32,Groceries
T103260,C10499,2026-02-06,87.77,Groceries
T101519,C10235,2025-07-31,134.63,Home & Kitchen
T101378,C10215,2026-05-10,241.06,Groceries
T104791,C10743,2025-11-29,164.22,Books
T101023,C10152,2026-03-04,357.46,Clothing
T103426,C10526,2025-11-07,18.08,Home & Kitchen
T105981,C10906,2025-11-13,36.1,Groceries
T104669,C10721,2025-10-28,25.67,Electronics
T102883,C10444,2025-08-24,109.95,Home & Kitchen
T100912,C10139,2025-11-26,29.7,Electronics
T102857,C10436,2026-02-23,79.78,Groceries
T104454,C10688,2025-09-14,100.13,Electronics
T101675,C10259,2026-01-03,182.05,Beauty & Personal Care
T101746,C10270,2026-02-13,109.99,Electronics
T106477,C10984,2026-02-07,91.91,Books
T101736,C10269,2025-07-08,72.99,Electronics
T101629,C10254,2025-06-28,116.2,Beauty & Personal Care
T104326,C10661,2026-04-18,87.29,Electronics
T100430,C10056,2025-07-08,86.32,Clothing
T101808,C10278,2025-10-14,53.06,Clothing
T106245,C10950,2025-12-20,109.71,Electronics
T102890,C10444,2025-08-20,105.2,Home & Kitchen
T105884,C10893,2026-05-13,229.64,Clothing
T100234,C10028,2026-03-22,383.6,Clothing
T104122,C10625,2025-09-02,357.77,Groceries
T102222,C10336,2025-06-16,382.77,Books
T105440,C10833,2026-03-24,29.7,Groceries
T105242,C10800,2025-08-22,307.77,Home & Kitchen
T103881,C10591,2026-05-22,294.02,Electronics
T105862,C10891,2026-05-27,96.13,Electronics
T101948,C10299,2026-05-18,34.98,Groceries
T105019,C10771,2026-06-01,79.87,Electronics
T105831,C10885,2026-01-18,28.22,Clothing
T103992,C10607,2025-10-19,34.13,Books
T106018,C10913,2026-02-14,105.25,Clothing
T101995,C10305,2025-09-03,32.77,Beauty & Personal Care
T102671,C10411,2026-04-18,117.32,Electronics
T103816,C10581,2026-03-08,21.56,Clothing
T102224,C10336,2025-11-22,313.09,Beauty & Personal Care
T101106,C10165,2025-10-03,99.82,Home & Kitchen
T105414,C10828,2025-07-08,38.13,Electronics
T100818,C10122,2026-01-12,94.52,Clothing
T103551,C10550,2025-12-22,7.38,Groceries
T104471,C10691,2025-08-15,224.38,Groceries
T104768,C10739,2026-04-06,70.22,Clothing
T101697,C10263,2025-08-28,89.63,Groceries
T103077,C10473,2025-06-03,35.59,Clothing
T100136,C10022,2025-06-23,138.37,Electronics
T103889,C10592,2025-10-17,105.61,Electronics
T106422,C10975,2025-08-24,49.17,Electronics
T103518,C10541,2025-07-14,43.07,Clothing
T105823,C10883,2025-10-25,94.93,Groceries
T101180,C10181,2026-04-17,55.45,Groceries
T104113,C10623,2026-04-16,25.34,Beauty & Personal Care
T100888,C10134,2026-05-15,40.81,Groceries
T105974,C10904,2025-06-09,84.52,Clothing
T102437,C10375,2025-11-24,337.68,Books
T103096,C10477,2026-04-11,44.54,Electronics
T103487,C10536,2025-09-29,244.23,Clothing
T100817,C10122,2025-07-27,106.63,Electronics
T101111,C10166,2026-04-11,27.95,Beauty & Personal Care
T105069,C10776,2026-03-10,104.11,Beauty & Personal Care
T102341,C10355,2026-02-15,104.29,Home & Kitchen
T104840,C10750,2025-12-10,180.01,Beauty & Personal Care
T104303,C10656,2025-10-02,28.57,Home & Kitchen
T101264,C10200,2025-12-06,109.79,Clothing
T100990,C10149,2026-05-04,358.58,Home & Kitchen
T103885,C10592,2026-01-01,100.91,Beauty & Personal Care
T101739,C10269,2025-10-11,114.45,Clothing
T106577,C10998,2026-02-01,153.49,Electronics
T103615,C10557,2025-09-21,352.63,Electronics
T100353,C10046,2026-01-13,78.74,Books
T105004,C10770,2025-12-02,331.8,Home & Kitchen
T104103,C10621,2025-11-28,23.69,Groceries
T104605,C10706,2025-08-29,52.52,Groceries
T101489,C10230,2026-01-03,334.64,Beauty & Personal Care
T104405,C10676,2025-12-06,26.02,Beauty & Personal Care
T104391,C10674,2026-04-27,371.2,Electronics
T101228,C10191,2025-12-30,86.38,Clothing
T103693,C10566,2026-05-07,332.75,Groceries
T103006,C10466,2025-06-26,111.7,Clothing
T103254,C10497,2025-12-28,75.19,Electronics
T106227,C10948,2025-07-01,56.58,Home & Kitchen
T103613,C10557,2026-05-01,335.69,Clothing
T106153,C10933,2025-11-14,31.17,Groceries
T100052,C10013,2026-02-27,98.16,Books
T103752,C10573,2025-11-14,90.9,Groceries
T103313,C10510,2025-10-01,38.17,Groceries
T100159,C10024,2026-01-22,118.28,Clothing
T103989,C10606,2026-02-13,53.35,Groceries
T101587,C10248,2026-01-20,204.46,Clothing
T101589,C10248,2026-01-31,227.12,Groceries
T101479,C10230,2025-09-18,249.63,Beauty & Personal Care
T101469,C10229,2025-12-06,64.81,Beauty & Personal Care
T105469,C10839,2025-11-17,99.06,Electronics
T103358,C10516,2025-08-03,90.22,Home & Kitchen
T105064,C10776,2026-03-03,110.92,Home & Kitchen
T102078,C10320,2025-09-04,20.0,Home & Kitchen
T106442,C10978,2026-03-19,37.89,Electronics
T105157,C10791,2025-08-14,33.37,Groceries
T106485,C10985,2026-01-06,107.64,Home & Kitchen
T103142,C10482,2025-08-18,286.27,Groceries
T102828,C10434,2026-04-10,319.22,Clothing
T100436,C10056,2026-02-03,128.5,Electronics
T103475,C10534,2026-02-06,85.99,Clothing
T102960,C10458,2025-09-20,289.16,Electronics
T104367,C10668,2025-10-08,209.14,Home & Kitchen
T101588,C10248,2025-12-15,181.44,Groceries
T102780,C10429,2026-03-22,100.8,Electronics
T105239,C10800,2026-04-04,312.12,Beauty & Personal Care
T101590,C10248,2026-04-29,169.21,Beauty & Personal Care
T103950,C10602,2025-06-03,279.91,Clothing
T100973,C10147,2025-12-12,20.59,Home & Kitchen
T101238,C10193,2025-07-30,290.36,Home & Kitchen
T102951,C10458,2026-03-20,369.26,Groceries
T102342,C10355,2025-06-04,105.35,Electronics
T102996,C10464,2025-11-11,41.7,Home & Kitchen
T105582,C10853,2026-03-17,348.7,Clothing
T104209,C10642,2026-01-13,32.26,Groceries
T105608,C10854,2026-03-08,109.6,Groceries
T102231,C10336,2025-11-07,385.09,Books
T103494,C10536,2026-03-26,236.56,Electronics
T101497,C10230,2026-04-01,331.93,Groceries
T100449,C10058,2025-06-18,222.38,Home & Kitchen
T102369,C10361,2026-02-24,79.95,Clothing
T104038,C10613,2025-12-17,242.06,Clothing
T102422,C10373,2026-03-12,93.62,Electronics
T105899,C10895,2025-06-17,217.62,Electronics
T106379,C10967,2025-06-05,22.73,Clothing
T105364,C10820,2026-05-27,334.54,Clothing
T101551,C10242,2026-05-31,17.68,Groceries
T105825,C10883,2025-12-16,51.86,Books
T101146,C10175,2025-11-26,51.42,Beauty & Personal Care
T104294,C10653,2026-01-24,81.47,Clothing
T102092,C10322,2025-08-18,78.57,Groceries
T101313,C10211,2025-12-13,219.81,Groceries
T102015,C10309,2025-11-06,239.08,Books
T106029,C10914,2025-09-10,45.92,Groceries
T103297,C10504,2026-02-23,69.48,Electronics
T103616,C10557,2025-10-21,266.61,Groceries
T101381,C10216,2025-07-26,43.37,Groceries
T104900,C10757,2026-05-27,215.56,Groceries
T100413,C10052,2026-02-05,46.96,Beauty & Personal Care
T100941,C10142,2025-12-31,47.61,Clothing
T100801,C10120,2025-12-19,75.73,Books
T102750,C10422,2026-02-17,376.6,Books
T105714,C10867,2025-11-07,182.12,Books
T103955,C10602,2025-08-18,223.58,Clothing
T100256,C10031,2026-04-15,346.87,Electronics
T106454,C10981,2026-03-29,78.44,Home & Kitchen
T102235,C10338,2025-08-14,86.77,Groceries
T100647,C10094,2025-07-17,41.89,Books
T101767,C10272,2026-03-18,333.11,Beauty & Personal Care
T106244,C10949,2025-10-13,80.95,Clothing
T103018,C10467,2025-10-23,294.62,Groceries
T104684,C10725,2026-05-24,93.12,Clothing
T103589,C10555,2025-08-31,48.71,Clothing
T103182,C10487,2025-09-23,13.1,Home & Kitchen
T100024,C10008,2026-04-24,20.38,Groceries
T101088,C10160,2025-10-06,30.01,Groceries
T103422,C10525,2025-08-04,95.44,Groceries
T102694,C10416,2026-01-21,22.32,Electronics
T105860,C10891,2025-11-09,119.81,Home & Kitchen
T100112,C10017,2026-03-19,339.05,Clothing
T102841,C10435,2025-09-25,67.66,Clothing
T102311,C10350,2025-12-31,96.79,Books
T103346,C10514,2026-01-22,269.86,Books
T100056,C10014,2025-07-11,17.99,Electronics
T101309,C10210,2025-08-05,92.06,Electronics
T100695,C10103,2026-02-21,98.73,Clothing
T104776,C10740,2025-08-15,30.03,Home & Kitchen
T101227,C10191,2026-04-18,69.72,Groceries
T101999,C10306,2025-07-03,14.37,Books
T100276,C10033,2026-01-09,304.34,Electronics
T103218,C10493,2026-05-15,42.66,Groceries
T104441,C10687,2026-01-03,24.29,Electronics
T101833,C10283,2026-03-21,94.82,Electronics
T105202,C10797,2026-01-26,70.48,Electronics
T100682,C10101,2025-07-03,50.14,Groceries
T103770,C10576,2025-10-10,242.02,Groceries
T106381,C10968,2025-06-30,22.84,Clothing
T103659,C10562,2025-09-10,97.37,Clothing
T101137,C10171,2026-01-14,37.78,Home & Kitchen
T102767,C10425,2025-08-10,38.58,Electronics
T104385,C10671,2026-02-11,78.37,Electronics
T104129,C10626,2026-03-02,97.83,Beauty & Personal Care
T104387,C10672,2026-03-30,25.88,Clothing
T101036,C10152,2025-12-10,189.06,Clothing
T103203,C10490,2026-05-07,32.21,Clothing
T105290,C10810,2026-02-24,329.31,Home & Kitchen
T101346,C10214,2025-07-17,44.22,Electronics
T104056,C10616,2025-12-27,248.93,Beauty & Personal Care
T105150,C10788,2026-05-18,40.19,Clothing
T102784,C10429,2025-08-09,80.37,Clothing
T103383,C10521,2025-06-23,65.52,Beauty & Personal Care
T102384,C10365,2025-11-27,21.36,Home & Kitchen
T102988,C10462,2026-03-08,80.41,Groceries
T100115,C10017,2026-03-26,351.12,Home & Kitchen
T104570,C10701,2026-03-07,248.68,Clothing
T106549,C10997,2026-03-29,19.24,Groceries
T103907,C10597,2026-04-24,24.99,Books
T105269,C10806,2025-10-12,41.2,Clothing
T103908,C10597,2026-05-29,34.96,Groceries
T102819,C10433,2025-10-08,198.5,Electronics
T105466,C10839,2025-12-09,101.6,Books
T105802,C10881,2025-10-26,206.0,Home & Kitchen
T105465,C10839,2025-11-04,96.87,Clothing
T105400,C10826,2026-02-18,33.0,Clothing
T100081,C10015,2025-07-20,323.36,Groceries
T103021,C10467,2025-06-15,294.02,Clothing
T101972,C10301,2025-07-21,347.49,Groceries
T101714,C10265,2025-09-20,46.34,Books
T104753,C10735,2026-03-26,66.63,Electronics
T104938,C10763,2025-08-02,120.01,Electronics
T103450,C10531,2025-10-27,177.8,Clothing
T104230,C10644,2025-09-11,97.32,Clothing
T101946,C10299,2026-03-04,31.24,Electronics
T103985,C10606,2026-05-25,33.74,Clothing
T103558,C10552,2025-08-31,69.11,Beauty & Personal Care
T104600,C10705,2025-07-05,69.35,Electronics
T101610,C10250,2026-05-06,297.84,Groceries
T103891,C10593,2025-12-03,37.12,Books
T103481,C10535,2026-05-31,21.0,Clothing
T103070,C10471,2026-02-11,106.65,Groceries
T104084,C10617,2025-07-22,319.79,Groceries
T106427,C10977,2025-10-24,109.82,Clothing
T105049,C10774,2025-10-05,229.78,Clothing
T105060,C10775,2025-12-04,48.62,Clothing
T104999,C10770,2025-11-25,252.75,Groceries
T100665,C10097,2025-07-27,58.27,Beauty & Personal Care
T102194,C10333,2026-03-07,104.97,Home & Kitchen
T104288,C10652,2026-02-13,45.04,Home & Kitchen
T105587,C10853,2026-03-22,129.57,Electronics
T101017,C10152,2025-11-09,226.15,Electronics
T100557,C10076,2025-12-20,59.9,Books
T104319,C10659,2025-06-13,82.04,Groceries
T104076,C10617,2026-02-07,236.08,Books
T101207,C10187,2025-12-14,66.46,Clothing
T104217,C10644,2026-05-16,151.77,Electronics
T104830,C10748,2025-09-22,118.11,Groceries
T101510,C10233,2026-04-23,29.88,Groceries
T103217,C10493,2025-10-30,45.82,Clothing
T104266,C10647,2025-08-04,241.94,Groceries
T104466,C10691,2025-10-05,202.7,Home & Kitchen
T105822,C10883,2025-12-02,60.26,Clothing
T100266,C10031,2025-12-10,365.15,Clothing
T105672,C10861,2025-08-08,263.53,Books
T104019,C10611,2026-03-07,62.97,Groceries
T102111,C10325,2025-07-20,328.26,Electronics
T103545,C10548,2025-09-14,28.24,Electronics
T101909,C10293,2025-11-26,92.32,Clothing
T103732,C10571,2026-02-23,224.06,Groceries
T105602,C10853,2026-01-20,255.83,Beauty & Personal Care
T100656,C10096,2025-08-11,58.46,Groceries
T104409,C10678,2025-08-27,27.48,Books
T104635,C10712,2025-08-20,12.14,Books
T106266,C10954,2026-04-20,260.84,Electronics
T100998,C10149,2025-07-20,319.6,Home & Kitchen
T103861,C10590,2026-03-06,21.96,Electronics
T102834,C10434,2026-03-03,259.48,Electronics
T102809,C10433,2026-05-22,267.4,Electronics
T101784,C10274,2026-01-23,99.7,Clothing
T101237,C10193,2025-07-15,234.23,Books
T105501,C10845,2026-03-23,32.18,Clothing
T103611,C10557,2025-07-25,321.47,Clothing
T104357,C10668,2025-09-14,191.31,Books
T105327,C10813,2025-07-28,100.67,Groceries
T106496,C10986,2025-09-07,299.39,Groceries
T102186,C10331,2026-01-12,26.37,Electronics
T102913,C10448,2026-05-08,77.37,Clothing
T101134,C10171,2026-02-14,42.69,Groceries
T100908,C10138,2026-04-27,100.05,Books
T104320,C10659,2025-08-06,86.79,Books
T101303,C10209,2025-09-22,14.28,Electronics
T106135,C10927,2026-03-10,66.33,Home & Kitchen
T101627,C10254,2026-05-10,122.62,Home & Kitchen
T101522,C10236,2026-05-15,238.4,Clothing
T100835,C10128,2026-01-13,226.9,Groceries
T100358,C10046,2025-11-18,85.98,Clothing
T100138,C10022,2025-10-13,218.21,Electronics
T100299,C10033,2025-07-18,325.87,Clothing
T101556,C10243,2025-12-31,99.34,Clothing
T101003,C10149,2025-12-25,315.81,Home & Kitchen
T100382,C10049,2025-10-03,188.66,Home & Kitchen
T106298,C10959,2026-01-10,75.47,Clothing
T104384,C10671,2025-06-26,75.32,Beauty & Personal Care
T100761,C10111,2025-12-31,38.62,Groceries
T104760,C10735,2025-08-02,53.68,Beauty & Personal Care
T106536,C10995,2025-12-31,31.87,Electronics
T103753,C10573,2025-09-28,65.38,Groceries
T104478,C10691,2025-11-02,90.47,Groceries
T105307,C10811,2026-02-23,202.28,Clothing
T104507,C10693,2025-10-29,71.29,Electronics
T101402,C10219,2025-12-19,23.81,Home & Kitchen
T104918,C10760,2026-03-16,97.4,Electronics
T105638,C10856,2025-09-23,146.04,Beauty & Personal Care
T102721,C10419,2025-08-18,311.74,Electronics
T101932,C10298,2025-09-14,231.54,Clothing
T103852,C10587,2026-02-21,88.95,Beauty & Personal Care
T105941,C10901,2025-09-25,72.86,Electronics
T104094,C10619,2025-07-14,125.98,Clothing
T105227,C10799,2026-05-02,21.79,Electronics
T103055,C10471,2026-01-26,127.27,Clothing
T105610,C10854,2025-08-28,106.01,Beauty & Personal Care
T103409,C10523,2025-07-04,127.66,Electronics
T104359,C10668,2026-01-15,241.53,Clothing
T102685,C10414,2026-03-25,36.05,Beauty & Personal Care
T103326,C10513,2026-03-12,68.24,Home & Kitchen
T100058,C10015,2025-08-05,322.07,Groceries
T100076,C10015,2026-02-04,309.86,Clothing
T100796,C10120,2026-06-01,82.88,Clothing
T102416,C10373,2025-11-23,105.33,Home & Kitchen
T103592,C10555,2026-05-23,89.21,Electronics
T105665,C10859,2025-07-04,230.08,Books
T100785,C10118,2025-12-05,43.32,Electronics
T105520,C10848,2026-05-15,198.24,Clothing
T106406,C10972,2026-01-17,305.3,Beauty & Personal Care
T103158,C10484,2026-01-29,270.49,Electronics
T103106,C10478,2026-02-23,86.44,Clothing
T103880,C10591,2025-10-09,300.32,Groceries
T102217,C10336,2025-11-28,342.25,Clothing
T104513,C10695,2025-09-09,38.93,Clothing
T105106,C10778,2025-08-15,91.64,Clothing
T104734,C10730,2025-06-22,106.64,Home & Kitchen
T103315,C10510,2026-02-16,45.33,Groceries
T104022,C10612,2025-09-07,168.78,Clothing
T105065,C10776,2026-05-26,96.7,Clothing
T100910,C10139,2026-05-16,26.92,Books
T102172,C10329,2025-10-13,103.46,Electronics
T101850,C10284,2026-02-14,213.04,Groceries
T102309,C10349,2025-11-26,78.0,Electronics
T106155,C10934,2025-11-27,88.11,Groceries
T101257,C10199,2025-07-10,25.23,Home & Kitchen
T102495,C10381,2025-08-17,46.37,Groceries
T105783,C10878,2025-06-19,87.98,Home & Kitchen
T104201,C10640,2026-02-10,274.72,Electronics
T101178,C10180,2026-03-23,34.8,Electronics
T104940,C10763,2025-07-29,114.08,Electronics
T105369,C10820,2026-03-14,423.5,Groceries
T100442,C10058,2025-11-28,171.97,Clothing
T101399,C10217,2026-01-09,41.35,Electronics
T103915,C10598,2025-12-26,74.96,Groceries
T104407,C10676,2026-05-19,19.87,Beauty & Personal Care
T103649,C10561,2025-12-13,80.02,Home & Kitchen
T104041,C10613,2025-09-20,281.47,Home & Kitchen
T106269,C10954,2026-04-01,281.87,Home & Kitchen
T101054,C10157,2025-08-14,42.49,Electronics
T105437,C10832,2026-01-15,85.94,Clothing
T105030,C10774,2026-05-08,177.31,Groceries
T103660,C10562,2025-08-30,58.78,Groceries
T101415,C10222,2025-08-17,69.39,Groceries
T102372,C10361,2026-02-20,63.81,Groceries
T106417,C10973,2025-11-27,51.17,Home & Kitchen
T105703,C10867,2025-09-05,132.2,Groceries
T103477,C10535,2025-12-16,28.46,Groceries
T106062,C10920,2025-06-19,45.68,Clothing
T104406,C10676,2026-03-03,21.21,Books
T104850,C10750,2025-08-31,89.09,Electronics
T101502,C10232,2025-10-02,46.72,Beauty & Personal Care
T105285,C10810,2025-08-27,271.42,Books
T106373,C10966,2025-09-09,232.84,Groceries
T105076,C10777,2026-05-04,287.15,Home & Kitchen
T102011,C10309,2026-03-30,210.63,Home & Kitchen
T104974,C10768,2025-12-14,197.45,Clothing
T103688,C10564,2025-11-26,27.2,Home & Kitchen
T106313,C10963,2026-04-12,228.99,Electronics
T106202,C10943,2026-05-01,312.43,Books
T105916,C10897,2025-08-30,113.66,Clothing
T104959,C10767,2026-04-16,58.14,Home & Kitchen
T104715,C10729,2026-04-08,246.17,Electronics
T100006,C10003,2025-06-04,40.57,Groceries
T102980,C10462,2025-10-19,101.32,Beauty & Personal Care
T102487,C10380,2026-03-21,53.0,Electronics
T100678,C10101,2026-04-26,72.04,Electronics
T101943,C10298,2026-02-07,237.65,Electronics
T106324,C10963,2026-04-04,174.02,Beauty & Personal Care
T106049,C10918,2025-09-15,57.37,Clothing
T103995,C10607,2025-06-27,64.19,Clothing
T105037,C10774,2026-04-22,204.78,Groceries
T104304,C10656,2025-12-18,18.52,Electronics
T102607,C10400,2026-01-30,69.69,Groceries
T105987,C10907,2026-04-10,64.72,Electronics
T104192,C10639,2026-02-12,104.44,Home & Kitchen
T106045,C10918,2026-03-07,64.04,Electronics
T103523,C10544,2025-12-24,35.92,Groceries
T101064,C10158,2026-04-30,254.7,Books
T102894,C10445,2025-06-15,94.64,Home & Kitchen
T104160,C10633,2025-08-20,80.39,Clothing
T104291,C10653,2025-07-29,56.92,Electronics
T102242,C10339,2026-04-23,33.98,Books
T101474,C10230,2025-11-27,232.26,Clothing
T104864,C10751,2025-08-30,74.04,Home & Kitchen
T101889,C10289,2025-08-14,55.8,Home & Kitchen
T101053,C10157,2025-11-02,54.65,Clothing
T102021,C10309,2025-08-09,262.64,Clothing
T105164,C10794,2026-04-23,263.91,Groceries
T104994,C10770,2025-10-07,262.29,Groceries
T102658,C10408,2026-01-27,17.06,Groceries
T102467,C10376,2025-09-30,102.18,Groceries
T103411,C10523,2025-10-29,90.91,Beauty & Personal Care
T101130,C10168,2026-03-22,75.94,Clothing
T101461,C10228,2025-06-29,15.22,Home & Kitchen
T103783,C10576,2025-10-27,133.32,Electronics
T106094,C10922,2026-02-07,81.75,Home & Kitchen
T105992,C10909,2025-11-08,30.66,Groceries
T103914,C10598,2025-07-15,53.85,Books
T102968,C10458,2025-10-05,239.36,Books
T100222,C10028,2025-07-10,310.72,Groceries
T106092,C10922,2026-01-21,78.23,Books
T100048,C10013,2025-10-31,113.47,Beauty & Personal Care
T100573,C10079,2025-07-16,301.3,Clothing
T101236,C10193,2025-10-01,345.8,Electronics
T106079,C10921,2025-07-25,277.31,Groceries
T103033,C10467,2025-11-18,268.06,Books
T106375,C10966,2025-07-22,224.04,Clothing
T105902,C10895,2025-12-12,155.43,Electronics
T102282,C10346,2025-07-17,120.86,Clothing
T104439,C10687,2025-07-21,25.68,Electronics
T100267,C10031,2025-09-10,212.02,Electronics
T101104,C10164,2026-05-30,30.99,Electronics
T102305,C10349,2026-03-08,111.33,Clothing
T105163,C10793,2025-07-22,26.26,Clothing
T101935,C10298,2025-07-25,179.66,Electronics
T100386,C10049,2025-10-20,311.95,Groceries
T101701,C10263,2026-03-27,107.14,Beauty & Personal Care
T101628,C10254,2025-11-22,104.42,Clothing
T103841,C10586,2026-03-28,55.87,Home & Kitchen
T102714,C10419,2025-06-25,355.41,Electronics
T103593,C10555,2026-04-22,32.46,Beauty & Personal Care
T104663,C10718,2025-11-23,23.2,Clothing
T105744,C10872,2025-06-25,41.82,Books
T101563,C10246,2026-04-08,34.35,Electronics
T102760,C10424,2025-08-13,107.66,Clothing
T103189,C10488,2026-04-09,131.22,Groceries
T104205,C10640,2026-01-19,297.91,Clothing
T100209,C10027,2026-05-23,409.82,Home & Kitchen
T100909,C10139,2025-12-11,39.27,Clothing
T101289,C10204,2026-03-27,13.78,Electronics
T104956,C10767,2025-09-05,47.65,Electronics
T101866,C10286,2025-09-05,79.26,Electronics
T101842,C10284,2026-03-26,217.91,Beauty & Personal Care
T102497,C10382,2026-02-26,28.15,Beauty & Personal Care
T105652,C10859,2026-05-21,295.34,Electronics
T100104,C10017,2026-03-05,327.97,Electronics
T100958,C10145,2025-09-06,71.08,Books
T101793,C10277,2026-03-04,106.22,Home & Kitchen
T102088,C10322,2025-07-03,62.44,Groceries
T102702,C10419,2025-07-03,437.64,Electronics
T100331,C10039,2025-09-15,83.08,Groceries
T104003,C10610,2025-10-22,74.21,Books
T106211,C10943,2026-01-11,204.13,Home & Kitchen
T104847,C10750,2025-09-18,193.86,Electronics
T102459,C10375,2025-08-09,319.98,Electronics
T101774,C10272,2026-05-10,304.78,Groceries
T104609,C10706,2025-07-29,43.74,Electronics
T104967,C10768,2026-03-15,327.01,Home & Kitchen
T106067,C10920,2025-08-24,67.61,Clothing
T103878,C10591,2026-04-29,208.6,Books
T105329,C10813,2025-09-08,71.2,Home & Kitchen
T103458,C10531,2025-06-12,202.63,Electronics
T106159,C10934,2026-05-22,57.92,Beauty & Personal Care
T102897,C10445,2026-03-26,112.89,Electronics
T106392,C10971,2026-01-25,85.12,Books
T101710,C10265,2026-03-06,70.98,Home & Kitchen
T105012,C10771,2026-03-20,74.03,Beauty & Personal Care
T102478,C10377,2026-05-06,36.71,Books
T104672,C10723,2025-09-21,111.06,Clothing
T101366,C10215,2026-05-19,269.98,Clothing
T100173,C10026,2025-06-01,184.33,Home & Kitchen
T100858,C10131,2025-11-19,38.54,Clothing
T105108,C10779,2026-01-10,12.04,Electronics
T105633,C10856,2025-07-13,177.95,Clothing
T103321,C10513,2025-12-26,54.72,Clothing
T103488,C10536,2025-11-04,164.76,Clothing
T105725,C10868,2026-02-07,37.74,Electronics
T104101,C10621,2025-09-23,15.36,Electronics
T101952,C10300,2025-07-22,55.35,Clothing
T103311,C10509,2025-08-12,22.69,Clothing
T105015,C10771,2025-08-28,66.22,Home & Kitchen
T103717,C10568,2026-01-07,90.43,Electronics
T104024,C10612,2026-03-14,227.44,Books
T102036,C10311,2025-10-27,80.66,Electronics
T105144,C10786,2026-02-28,48.96,Groceries
T105875,C10893,2026-03-28,254.57,Groceries
T104812,C10745,2026-01-11,21.28,Clothing
T100018,C10006,2025-12-12,76.06,Clothing
T104951,C10766,2025-09-16,100.15,Books
T100000,C10001,2025-10-04,101.94,Clothing
T102174,C10329,2026-05-24,95.74,Electronics
T101356,C10214,2025-07-08,74.33,Clothing
T104882,C10756,2025-12-03,38.1,Home & Kitchen
T103817,C10581,2025-08-07,22.85,Clothing
T102826,C10434,2025-11-26,333.99,Clothing
T103790,C10577,2025-12-16,103.47,Books
T100396,C10051,2026-01-29,182.98,Groceries
T106125,C10925,2025-10-18,42.13,Books
T103112,C10479,2025-07-12,100.53,Groceries
T104010,C10610,2025-12-03,67.46,Groceries
T105190,C10795,2026-04-22,270.13,Home & Kitchen
T101812,C10280,2025-10-19,26.16,Beauty & Personal Care
T104313,C10658,2026-03-11,86.01,Electronics
T105357,C10818,2025-11-03,73.03,Clothing
T100816,C10122,2026-03-21,97.29,Books
T101572,C10248,2026-04-26,237.49,Clothing
T104917,C10760,2026-01-15,71.5,Clothing
T101800,C10277,2025-06-06,124.67,Groceries
T102280,C10345,2026-01-17,67.47,Electronics
T102429,C10374,2026-04-22,64.63,Beauty & Personal Care
T105192,C10795,2026-03-13,329.71,Electronics
T104381,C10671,2026-04-27,87.08,Clothing
T104963,C10767,2025-06-08,55.22,Books
T103944,C10602,2026-04-26,233.54,Home & Kitchen
T105666,C10859,2025-08-27,336.59,Electronics
T104353,C10668,2025-09-10,123.87,Groceries
T101830,C10283,2025-06-23,101.14,Electronics
T103977,C10605,2026-05-17,101.82,Clothing
T105443,C10834,2025-11-10,34.51,Clothing
T104588,C10704,2026-05-02,64.04,Groceries
T104706,C10729,2025-09-30,318.41,Electronics
T100554,C10076,2026-05-14,71.45,Groceries
T101159,C10178,2025-10-20,53.26,Beauty & Personal Care
T101213,C10189,2026-02-16,110.16,Electronics
T103761,C10576,2026-01-15,191.38,Books
T101325,C10213,2026-03-17,152.37,Home & Kitchen
T103947,C10602,2025-06-30,275.56,Clothing
T104020,C10611,2025-11-02,96.84,Groceries
T100700,C10103,2025-11-15,95.53,Groceries
T102700,C10419,2026-01-14,356.37,Groceries
T104700,C10728,2025-06-30,55.56,Beauty & Personal Care
T101847,C10284,2025-07-06,202.04,Clothing
T104818,C10747,2025-09-08,61.06,Electronics
T102796,C10430,2026-03-01,243.73,Home & Kitchen
T101455,C10227,2025-09-25,25.92,Electronics
T105497,C10844,2025-06-08,85.1,Electronics
T103552,C10551,2026-02-07,44.04,Home & Kitchen
T106448,C10980,2026-05-09,31.48,Home & Kitchen
T100866,C10132,2025-09-07,273.91,Electronics
T105017,C10771,2025-07-24,104.53,Electronics
T101644,C10256,2026-05-11,40.48,Home & Kitchen
T102140,C10328,2026-03-20,273.94,Electronics
T105654,C10859,2026-03-03,258.1,Home & Kitchen
T104118,C10625,2026-01-31,287.14,Beauty & Personal Care
T101490,C10230,2025-11-26,243.91,Home & Kitchen
T103710,C10566,2025-07-16,208.09,Electronics
T100729,C10107,2025-11-01,144.39,Beauty & Personal Care
T104347,C10666,2025-08-10,10.53,Clothing
T100779,C10115,2025-11-05,33.05,Home & Kitchen
T102620,C10404,2025-06-23,289.75,Electronics
T101936,C10298,2025-07-11,267.5,Groceries
T106580,C10999,2026-01-05,26.03,Clothing
T103333,C10514,2026-02-17,312.78,Clothing
T101110,C10165,2025-12-25,87.77,Groceries
T105332,C10814,2026-04-20,113.38,Electronics
T105872,C10893,2025-08-09,321.6,Beauty & Personal Care
T102998,C10465,2025-11-15,70.65,Groceries
T102394,C10368,2026-05-10,85.73,Beauty & Personal Care
T101185,C10182,2025-11-02,117.04,Electronics
T102007,C10308,2026-05-06,14.85,Clothing
T100193,C10027,2025-08-26,154.89,Groceries
T101515,C10235,2025-09-22,104.99,Clothing
T105246,C10800,2025-07-04,240.24,Beauty & Personal Care
T100578,C10079,2025-09-22,238.32,Clothing
T102123,C10325,2026-02-14,323.25,Clothing
T101429,C10224,2026-01-03,80.21,Electronics
T100771,C10112,2025-11-24,80.08,Books
T102587,C10396,2025-06-26,103.36,Books
T102395,C10368,2025-07-11,65.23,Books
T106518,C10991,2026-04-26,5.16,Groceries
T101846,C10284,2026-01-19,308.63,Home & Kitchen
T100131,C10020,2025-07-25,265.58,Groceries
T100178,C10026,2026-04-16,154.04,Clothing
T105867,C10892,2026-03-10,64.45,Groceries
T101811,C10280,2026-02-22,18.83,Groceries
T104198,C10640,2025-09-15,178.85,Books
T102580,C10396,2026-03-24,111.99,Clothing
T105112,C10780,2025-12-19,49.7,Groceries
T105492,C10843,2025-10-15,97.53,Groceries
T102652,C10407,2026-01-23,62.85,Clothing
T104279,C10649,2025-11-19,27.39,Electronics
T102073,C10317,2025-07-25,75.24,Electronics
T100658,C10096,2025-06-03,61.23,Books
T101896,C10291,2026-01-11,84.54,Electronics
T104823,C10748,2026-05-28,104.87,Books
T102606,C10400,2025-10-24,93.71,Clothing
T102221,C10336,2025-12-16,313.18,Beauty & Personal Care
T106222,C10944,2025-08-10,49.93,Electronics
T102379,C10362,2026-05-04,54.15,Groceries
T101447,C10226,2025-08-13,105.94,Groceries
T100342,C10043,2026-03-19,34.08,Books
T103372,C10520,2026-03-19,75.69,Beauty & Personal Care
T104221,C10644,2025-07-24,218.1,Clothing
T105787,C10878,2026-05-22,85.64,Beauty & Personal Care
T102527,C10385,2026-05-17,77.9,Clothing
T100727,C10107,2026-05-30,200.68,Electronics
T105167,C10794,2025-10-10,216.65,Groceries
T100976,C10148,2026-04-25,41.73,Groceries
T103473,C10534,2025-10-22,89.35,Beauty & Personal Care
T104554,C10701,2025-09-11,274.53,Electronics
T101928,C10297,2025-11-29,22.79,Clothing
T106326,C10963,2025-07-22,172.75,Beauty & Personal Care
T104273,C10647,2025-09-06,173.4,Books
T106407,C10972,2025-08-11,324.74,Groceries
T106316,C10963,2025-10-17,314.83,Beauty & Personal Care
T101299,C10208,2025-12-25,17.54,Beauty & Personal Care
T105509,C10847,2026-02-21,94.19,Clothing
T106035,C10915,2026-04-18,40.3,Clothing
T100660,C10096,2025-08-16,49.65,Home & Kitchen
T101790,C10276,2026-04-20,31.11,Electronics
T105363,C10820,2025-10-19,297.67,Electronics
T104591,C10704,2026-05-04,73.87,Clothing
T100493,C10062,2025-11-18,40.12,Clothing
T103740,C10572,2025-11-30,61.53,Beauty & Personal Care
T104705,C10729,2025-12-13,241.63,Home & Kitchen
T104943,C10765,2025-10-29,24.42,Groceries
T106106,C10923,2025-10-31,291.65,Groceries
T106318,C10963,2025-12-26,246.46,Clothing
T105756,C10873,2025-12-13,102.87,Clothing
T101085,C10160,2025-12-02,33.46,Groceries
T106204,C10943,2025-09-02,139.73,Clothing
T103682,C10563,2025-12-30,240.7,Books
T100694,C10103,2026-02-10,112.27,Clothing
T101278,C10202,2025-07-18,59.12,Electronics
T103198,C10489,2025-09-12,53.84,Clothing
T104628,C10709,2026-03-14,39.03,Beauty & Personal Care
T101621,C10252,2026-01-16,31.85,Electronics
T102561,C10392,2025-11-03,19.06,Clothing
T104582,C10702,2025-11-29,84.74,Books
T104438,C10686,2026-02-13,23.86,Clothing
T100067,C10015,2026-01-18,355.69,Electronics
T101731,C10268,2025-09-14,82.38,Home & Kitchen
T103621,C10558,2025-07-19,327.91,Home & Kitchen
T102269,C10342,2025-10-04,28.3,Home & Kitchen
T104617,C10708,2025-09-07,56.27,Electronics
T103765,C10576,2026-05-04,192.81,Groceries
T105170,C10794,2025-09-07,239.67,Home & Kitchen
T100820,C10123,2025-07-02,24.72,Groceries
T101226,C10191,2025-12-21,72.58,Home & Kitchen
T101677,C10259,2025-12-13,274.23,Electronics
T105489,C10843,2026-05-30,97.45,Books
T102867,C10439,2026-02-17,40.19,Clothing
T103447,C10531,2025-06-04,161.44,Clothing
T104786,C10743,2026-05-31,220.76,Clothing
T102367,C10360,2026-01-14,35.63,Home & Kitchen
T103857,C10589,2025-08-05,110.59,Home & Kitchen
T104366,C10668,2025-06-18,181.24,Books
T102512,C10383,2025-06-07,346.59,Clothing
T105093,C10777,2025-09-28,370.29,Groceries
T102723,C10419,2025-11-10,411.11,Home & Kitchen
T106351,C10965,2025-11-26,68.73,Clothing
T105591,C10853,2025-12-19,253.83,Groceries
T104848,C10750,2025-07-05,192.24,Home & Kitchen
T101143,C10174,2026-01-12,31.89,Home & Kitchen
T100397,C10051,2025-12-13,336.34,Clothing
T106056,C10919,2025-08-10,89.69,Home & Kitchen
T105821,C10883,2025-08-18,81.01,Home & Kitchen
T100786,C10118,2025-06-27,42.09,Home & Kitchen
T105629,C10856,2025-11-22,181.37,Home & Kitchen
T104379,C10670,2025-07-23,26.94,Home & Kitchen
T101398,C10217,2026-05-01,69.21,Electronics
T101659,C10258,2026-05-25,97.34,Beauty & Personal Care
T105777,C10877,2026-05-22,84.44,Clothing
T104762,C10737,2026-03-22,24.21,Clothing
T103134,C10482,2025-06-14,293.29,Clothing
T103398,C10522,2025-11-22,459.41,Beauty & Personal Care
T102220,C10336,2025-07-02,327.64,Groceries
T100979,C10148,2026-03-07,47.8,Home & Kitchen
T102331,C10354,2025-09-01,29.42,Beauty & Personal Care
T101298,C10207,2025-06-26,20.79,Groceries
T103867,C10591,2025-11-28,367.92,Groceries
T105021,C10771,2025-08-07,62.87,Electronics
T104879,C10755,2025-06-11,48.35,Beauty & Personal Care
T100082,C10015,2025-11-29,379.4,Clothing
T104653,C10716,2025-11-27,112.6,Clothing
T106111,C10923,2026-05-16,111.5,Groceries
T105830,C10884,2025-11-28,43.44,Clothing
T104395,C10674,2025-11-25,262.33,Clothing
T105166,C10794,2025-09-03,199.0,Books
T103904,C10595,2025-12-24,109.55,Home & Kitchen
T102903,C10446,2025-07-04,43.96,Beauty & Personal Care
T100423,C10054,2026-03-17,291.03,Groceries
T105686,C10864,2026-03-21,49.66,Groceries
T101904,C10293,2025-12-25,88.57,Home & Kitchen
T106453,C10981,2026-05-08,91.75,Groceries
T101530,C10236,2025-08-30,256.77,Clothing
T104652,C10716,2026-02-15,103.93,Clothing
T101565,C10247,2025-06-21,24.33,Home & Kitchen
T104851,C10750,2026-05-19,347.78,Clothing
T102749,C10422,2025-11-10,278.6,Groceries
T100839,C10128,2025-08-10,204.49,Electronics
T100500,C10064,2025-06-14,22.93,Electronics
T104957,C10767,2025-07-19,66.49,Home & Kitchen
T100141,C10022,2025-07-28,242.89,Electronics
T106293,C10958,2026-01-19,41.54,Books
T102605,C10400,2026-05-28,100.01,Groceries
T105405,C10827,2025-07-09,97.5,Home & Kitchen
T101377,C10215,2025-07-16,323.34,Beauty & Personal Care
T105100,C10778,2025-08-06,122.52,Groceries
T106449,C10981,2025-10-11,106.08,Home & Kitchen
T102266,C10341,2026-02-24,27.71,Groceries
T103322,C10513,2026-04-22,45.04,Home & Kitchen
T104661,C10717,2026-01-07,47.04,Groceries
T101138,C10172,2025-09-21,41.86,Clothing
T102257,C10340,2025-12-29,254.03,Clothing
T105954,C10903,2026-04-07,99.85,Groceries
T100844,C10128,2025-12-29,223.51,Clothing
T101787,C10274,2026-04-07,87.18,Electronics
T104240,C10645,2026-01-29,189.55,Clothing
T100550,C10075,2025-07-12,55.47,Clothing
T105200,C10796,2025-11-24,72.76,Electronics
T100459,C10059,2025-07-09,23.06,Electronics
T102019,C10309,2025-08-19,186.8,Clothing
T103954,C10602,2026-02-26,225.11,Home & Kitchen
T100948,C10144,2026-04-28,104.2,Electronics
T103862,C10590,2026-05-03,25.87,Electronics
T103751,C10573,2025-12-02,77.04,Beauty & Personal Care
T100532,C10073,2026-03-12,25.17,Clothing
T103262,C10499,2025-08-13,77.77,Home & Kitchen
T105717,C10867,2025-08-25,149.3,Books
T101829,C10283,2025-12-28,90.8,Electronics
T106276,C10954,2026-04-03,302.68,Clothing
T105796,C10881,2026-02-14,381.44,Electronics
T105224,C10799,2025-08-30,34.39,Clothing
T105209,C10797,2025-12-10,69.18,Books
T101602,C10250,2026-05-14,280.13,Home & Kitchen
T102238,C10338,2026-02-28,69.7,Books
T100639,C10091,2026-01-23,35.64,Groceries
T106352,C10965,2025-12-05,63.99,Books
T100967,C10145,2026-02-18,89.55,Beauty & Personal Care
T105548,C10849,2025-07-07,191.74,Clothing
T100123,C10020,2025-08-20,192.06,Clothing
T101683,C10262,2026-02-17,99.41,Groceries
T102248,C10340,2025-06-14,265.61,Clothing
T104518,C10696,2025-07-21,219.0,Beauty & Personal Care
T105871,C10892,2026-05-06,78.04,Books
T106241,C10949,2025-10-05,75.94,Groceries
T100155,C10024,2025-10-06,97.71,Clothing
T102295,C10348,2025-09-01,76.32,Electronics
T104808,C10744,2025-06-22,30.69,Beauty & Personal Care
T104446,C10688,2025-06-28,67.94,Beauty & Personal Care
T101089,C10161,2026-04-27,30.91,Groceries
T104299,C10654,2025-12-30,37.43,Groceries
T102319,C10351,2026-01-05,34.11,Beauty & Personal Care
T102940,C10453,2025-09-29,121.03,Clothing
T105553,C10849,2025-08-12,248.27,Groceries
T100288,C10033,2025-11-14,308.44,Electronics
T100930,C10140,2025-10-27,232.72,Clothing
T102909,C10448,2025-11-13,84.85,Home & Kitchen
T104207,C10640,2025-10-22,186.5,Home & Kitchen
T105095,C10777,2026-01-05,267.79,Groceries
T102884,C10444,2025-08-08,61.87,Clothing
T104055,C10616,2025-10-14,186.13,Groceries
T103864,C10591,2026-01-14,266.65,Electronics
T103247,C10496,2026-04-01,262.42,Clothing
T105965,C10904,2025-08-12,79.71,Groceries
T103000,C10465,2025-12-06,37.02,Electronics
T104865,C10751,2025-11-11,49.91,Groceries
T105382,C10822,2025-08-08,262.99,Beauty & Personal Care
T106487,C10985,2026-05-24,49.06,Groceries
T100942,C10143,2026-01-29,40.88,Clothing
T102354,C10358,2025-11-17,38.38,Groceries
T105214,C10798,2025-12-23,196.45,Home & Kitchen
T105667,C10859,2026-01-16,337.72,Home & Kitchen
T106127,C10926,2025-06-23,52.37,Beauty & Personal Care
T101698,C10263,2025-08-01,107.51,Clothing
T106187,C10941,2025-12-28,279.7,Electronics
T104531,C10696,2025-11-08,248.84,Home & Kitchen
T106544,C10996,2026-03-30,71.47,Groceries
T104421,C10679,2025-10-03,71.92,Groceries
T104626,C10708,2025-09-06,88.82,Beauty & Personal Care
T105984,C10907,2025-11-05,87.97,Groceries
T100985,C10149,2026-05-29,290.24,Electronics
T101821,C10281,2025-06-04,90.37,Home & Kitchen
T103734,C10571,2025-10-15,364.65,Books
T106530,C10994,2025-09-03,98.18,Electronics
T106277,C10954,2026-05-04,248.0,Electronics
T100981,C10149,2025-07-09,369.43,Books
T104829,C10748,2025-07-11,89.32,Groceries
T103916,C10598,2025-07-17,75.03,Groceries
T106258,C10954,2025-12-15,207.0,Groceries
T106540,C10996,2025-08-15,74.43,Clothing
T104703,C10729,2026-03-21,276.96,Groceries
T105176,C10795,2025-09-04,236.83,Clothing
T101473,C10229,2026-04-01,58.36,Clothing
T105942,C10901,2026-04-22,61.31,Beauty & Personal Care
T104092,C10619,2025-07-25,105.75,Home & Kitchen
T105502,C10845,2025-09-18,30.34,Home & Kitchen
T105516,C10847,2025-11-25,103.89,Clothing
T105283,C10808,2025-09-17,115.68,Home & Kitchen
T101457,C10227,2025-11-12,58.04,Clothing
T103557,C10552,2025-08-29,72.65,Clothing
T101395,C10217,2025-07-18,53.97,Clothing
T100264,C10031,2025-07-26,270.9,Home & Kitchen
T103548,C10549,2025-11-06,33.98,Home & Kitchen
T103547,C10549,2026-04-06,46.87,Home & Kitchen
T102748,C10422,2025-12-19,308.14,Electronics
T104072,C10616,2025-09-27,98.94,Groceries
T102692,C10415,2026-05-14,68.64,Beauty & Personal Care
T105996,C10910,2026-03-21,121.4,Books
T104801,C10743,2026-01-11,181.35,Electronics
T100929,C10140,2025-06-29,257.19,Electronics
T104619,C10708,2026-05-09,97.24,Electronics
T105044,C10774,2025-07-15,280.51,Electronics
T102400,C10368,2026-04-26,76.15,Groceries
T102178,C10330,2025-07-07,114.02,Clothing
T106303,C10960,2025-07-20,24.46,Books
T100246,C10030,2025-09-02,94.89,Electronics
T101594,C10250,2026-04-09,194.28,Clothing
T101758,C10272,2026-04-02,422.52,Clothing
T106397,C10972,2026-02-11,245.13,Electronics
T104420,C10679,2026-03-13,108.76,Beauty & Personal Care
T100923,C10140,2025-07-05,225.47,Electronics
T105119,C10780,2026-05-12,62.55,Groceries
T105922,C10897,2026-04-13,111.35,Electronics
T100268,C10031,2026-05-20,261.53,Beauty & Personal Care
T100669,C10097,2025-08-13,73.04,Clothing
T106475,C10984,2025-07-31,114.81,Clothing
T104362,C10668,2025-12-14,221.35,Clothing
T101910,C10293,2025-10-20,116.17,Clothing
T106116,C10925,2025-07-04,66.13,Clothing
T104560,C10701,2025-06-29,224.99,Books
T101152,C10175,2026-01-06,58.28,Electronics
T106033,C10914,2025-11-15,41.36,Home & Kitchen
T105391,C10823,2025-07-05,86.87,Beauty & Personal Care
T106330,C10963,2025-12-12,264.51,Electronics
T105306,C10810,2026-03-03,244.17,Beauty & Personal Care
T102696,C10417,2025-10-20,29.06,Electronics
T102591,C10397,2026-04-12,30.56,Clothing
T105557,C10850,2025-08-03,27.21,Home & Kitchen
T101781,C10274,2026-04-25,97.22,Clothing
T102413,C10372,2026-02-02,22.44,Clothing
T103013,C10467,2026-06-01,247.32,Clothing
T105737,C10872,2026-05-24,89.53,Electronics
T102307,C10349,2025-09-15,61.93,Electronics
T103699,C10566,2025-07-18,268.74,Groceries
T103690,C10565,2026-01-04,38.56,Groceries
T100687,C10102,2026-04-28,20.73,Electronics
T101915,C10295,2026-03-22,94.43,Clothing
T106186,C10941,2026-01-18,242.19,Clothing
T100612,C10085,2025-10-08,76.57,Groceries
T106270,C10954,2025-11-08,239.06,Books
T103071,C10471,2025-11-16,255.24,Electronics
T104086,C10618,2025-06-11,85.57,Electronics
T103200,C10489,2025-06-04,62.2,Clothing
T102267,C10341,2026-05-27,38.2,Groceries
T106308,C10961,2025-09-27,55.66,Clothing
T102533,C10387,2026-04-28,75.6,Home & Kitchen
T100039,C10011,2026-01-26,66.11,Home & Kitchen
T101898,C10291,2026-02-21,96.83,Clothing
T101649,C10257,2026-02-03,53.11,Books
T104340,C10664,2025-11-23,71.15,Books
T100258,C10031,2025-07-29,305.72,Home & Kitchen
T102924,C10449,2026-01-30,68.62,Clothing
T102434,C10374,2026-05-15,73.02,Beauty & Personal Care
T100847,C10129,2026-01-30,111.24,Home & Kitchen
T102822,C10434,2025-09-11,269.2,Electronics
T104813,C10746,2025-07-25,40.64,Books
T103339,C10514,2026-01-08,373.9,Clothing
T103525,C10544,2025-11-14,21.9,Home & Kitchen
T105570,C10852,2026-01-08,100.16,Clothing
T104532,C10696,2026-05-17,226.62,Groceries
T104246,C10645,2025-10-31,289.86,Beauty & Personal Care
T101233,C10193,2026-04-29,390.9,Groceries
T101127,C10168,2025-09-02,59.8,Clothing
T102285,C10346,2025-08-03,109.88,Electronics
T101967,C10301,2026-02-11,307.13,Electronics
T100558,C10076,2025-06-29,72.31,Electronics
T100904,C10138,2025-07-06,93.23,Books
T102614,C10402,2026-02-27,96.61,Books
T103143,C10482,2026-01-14,261.08,Books
T103668,C10563,2026-02-02,224.66,Electronics
T100484,C10061,2025-12-07,77.95,Clothing
T102211,C10336,2026-01-21,375.78,Home & Kitchen
T101320,C10211,2026-03-09,194.75,Home & Kitchen
T104001,C10608,2025-11-27,29.22,Groceries
T102555,C10391,2026-02-19,34.91,Groceries
T100007,C10003,2025-08-21,36.52,Groceries
T103657,C10562,2025-07-11,32.88,Clothing
T102315,C10350,2026-03-15,76.19,Electronics
T105564,C10851,2026-05-21,102.99,Beauty & Personal Care
T104794,C10743,2026-01-31,176.71,Groceries
T104725,C10729,2026-04-09,89.54,Home & Kitchen
T105768,C10876,2025-09-06,109.49,Beauty & Personal Care
T101450,C10227,2025-10-16,56.96,Beauty & Personal Care
T101201,C10187,2025-09-18,69.96,Groceries
T102426,C10374,2026-04-27,78.23,Groceries
T102648,C10406,2026-04-23,21.67,Books
T101814,C10281,2025-12-05,85.19,Home & Kitchen
T105375,C10822,2026-05-28,345.42,Home & Kitchen
T102726,C10420,2025-08-15,123.85,Clothing
T100773,C10113,2026-01-25,35.31,Electronics
T102274,C10344,2025-06-28,23.4,Groceries
T101011,C10150,2026-01-09,58.57,Groceries
T106573,C10998,2025-11-16,180.39,Electronics
T103168,C10484,2025-10-29,199.23,Groceries
T101067,C10158,2025-09-11,330.86,Home & Kitchen
T101991,C10303,2025-11-23,80.82,Clothing
T101277,C10202,2025-08-12,62.14,Groceries
T101783,C10274,2025-11-17,109.86,Beauty & Personal Care
T104655,C10717,2025-06-29,83.61,Electronics
T100446,C10058,2025-08-10,293.67,Groceries
T100880,C10132,2025-08-21,385.97,Clothing
T104461,C10690,2025-06-07,87.95,Groceries
T105858,C10891,2025-11-05,96.64,Beauty & Personal Care
T102727,C10420,2026-03-04,128.8,Books
T103048,C10469,2025-10-13,39.56,Groceries
T105266,C10805,2025-10-03,24.72,Groceries
T100781,C10116,2025-11-28,23.49,Electronics
T102651,C10407,2025-09-19,77.98,Home & Kitchen
T106388,C10971,2026-01-22,121.61,Home & Kitchen
T101749,C10270,2026-01-11,110.37,Clothing
T102126,C10325,2025-11-28,277.36,Books
T102260,C10340,2026-01-11,296.9,Beauty & Personal Care
T102791,C10430,2025-08-25,187.2,Home & Kitchen
T102423,C10373,2026-01-14,96.41,Electronics
T106419,C10974,2026-02-18,16.2,Home & Kitchen
T105661,C10859,2025-09-23,255.77,Home & Kitchen
T100883,C10132,2026-05-20,311.83,Electronics
T104028,C10612,2026-02-24,341.3,Books
T101091,C10162,2025-07-21,43.79,Clothing
T104751,C10734,2026-02-17,37.96,Groceries
T104516,C10696,2026-04-23,180.71,Clothing
T100531,C10072,2025-09-17,32.74,Electronics
T105589,C10853,2026-05-11,343.54,Groceries
T102438,C10375,2026-03-26,274.54,Electronics
T106054,C10919,2025-06-22,93.69,Electronics
T104828,C10748,2025-07-30,118.93,Books
T102608,C10401,2025-12-28,35.18,Clothing
T105383,C10822,2025-07-08,392.66,Clothing
T102290,C10347,2025-08-27,25.01,Books
T101727,C10267,2025-08-25,28.65,Books
T100610,C10085,2025-11-16,82.19,Electronics
T103721,C10570,2025-09-07,47.79,Clothing
T100570,C10078,2025-07-29,74.1,Clothing
T101979,C10302,2026-04-07,43.06,Electronics
T101317,C10211,2025-06-18,176.66,Groceries
T100343,C10043,2026-01-11,30.32,Electronics
T100587,C10080,2026-03-16,47.88,Groceries
T105118,C10780,2025-11-15,26.56,Beauty & Personal Care
T103750,C10573,2025-11-12,63.32,Electronics
T100636,C10090,2026-01-16,39.41,Clothing
T100434,C10056,2026-01-20,126.61,Beauty & Personal Care
T101903,C10292,2025-07-15,46.12,Books
T103215,C10493,2026-04-20,80.42,Books
T100097,C10016,2025-08-24,184.57,Clothing
T106348,C10965,2026-02-07,66.76,Clothing
T105426,C10829,2026-03-23,117.82,Electronics
T104058,C10616,2025-06-30,223.92,Groceries
T106263,C10954,2025-11-20,272.59,Electronics
T102069,C10317,2026-04-13,86.18,Clothing
T101537,C10237,2025-06-20,71.38,Home & Kitchen
T103588,C10555,2025-08-18,73.25,Clothing
T104522,C10696,2026-03-24,226.4,Electronics
T104525,C10696,2025-11-02,258.8,Clothing
T103648,C10560,2026-05-07,46.11,Books
T105221,C10798,2025-11-10,179.1,Home & Kitchen
T106272,C10954,2026-03-17,252.58,Electronics
T101517,C10235,2025-11-17,116.28,Clothing
T100965,C10145,2026-03-01,84.14,Groceries
T105776,C10877,2025-10-10,96.56,Books
T100528,C10072,2025-06-27,42.34,Books
T100176,C10026,2026-01-07,167.92,Electronics
T103669,C10563,2025-12-13,248.7,Clothing
T102470,C10376,2025-06-18,117.7,Books
T104949,C10766,2025-12-08,87.87,Home & Kitchen
T102090,C10322,2025-09-06,74.14,Home & Kitchen
T103001,C10465,2025-12-11,52.74,Books
T105623,C10856,2026-03-14,186.86,Home & Kitchen
T103425,C10525,2026-01-14,105.01,Electronics
T100572,C10079,2026-05-20,328.6,Books
T105655,C10859,2025-07-20,261.6,Books
T104331,C10661,2025-09-01,78.92,Electronics
T100592,C10081,2025-11-03,30.66,Groceries
T106399,C10972,2026-04-04,237.72,Books
T103062,C10471,2025-10-24,165.44,Electronics
T105656,C10859,2026-02-15,352.4,Groceries
T102374,C10361,2025-06-19,78.17,Home & Kitchen
T103064,C10471,2025-10-18,94.39,Home & Kitchen
T106166,C10935,2025-09-06,36.94,Electronics
T104742,C10731,2025-09-13,288.97,Clothing
T103779,C10576,2025-12-13,187.63,Groceries
T105113,C10780,2026-01-28,29.23,Groceries
T104594,C10705,2025-09-01,72.47,Home & Kitchen
T102208,C10336,2026-02-04,329.9,Beauty & Personal Care
T104239,C10645,2025-12-03,277.73,Groceries
T102492,C10380,2025-10-21,46.29,Clothing
T104375,C10669,2025-11-11,83.59,Groceries
T100383,C10049,2025-08-14,268.57,Clothing
T100852,C10129,2025-09-27,64.85,Home & Kitchen
T101880,C10288,2025-12-21,43.05,Groceries
T100370,C10048,2025-08-07,37.92,Books
T104035,C10612,2025-12-21,309.21,Home & Kitchen
T104630,C10709,2026-04-17,25.83,Clothing
T105702,C10867,2025-07-06,165.31,Books
T105664,C10859,2026-02-10,277.51,Home & Kitchen
T103670,C10563,2025-07-13,283.24,Groceries
T106537,C10995,2025-06-05,40.1,Groceries
T103652,C10561,2026-02-07,93.16,Electronics
T101105,C10165,2025-08-24,75.03,Books
T102068,C10317,2026-02-11,93.63,Electronics
T102361,C10360,2026-02-10,40.95,Beauty & Personal Care
T105277,C10808,2026-01-12,87.75,Groceries
T101336,C10213,2025-09-21,220.47,Home & Kitchen
T102189,C10333,2025-10-26,110.95,Electronics
T106028,C10914,2025-10-19,25.24,Home & Kitchen
T105920,C10897,2025-06-07,120.47,Groceries
T103737,C10572,2025-10-01,69.86,Books
T103956,C10602,2026-02-05,249.5,Electronics
T102246,C10340,2026-04-10,230.13,Clothing
T104508,C10693,2025-06-21,77.17,Clothing
T104538,C10698,2026-03-06,31.32,Beauty & Personal Care
T106371,C10966,2026-01-27,159.72,Books
T101171,C10179,2025-06-02,62.75,Beauty & Personal Care
T103274,C10500,2025-11-03,11.63,Clothing
T103831,C10584,2025-08-16,30.16,Groceries
T104325,C10661,2025-07-13,111.77,Books
T102001,C10306,2025-06-14,17.37,Groceries
T101422,C10224,2026-06-01,78.89,Electronics
T102686,C10415,2025-10-15,76.27,Home & Kitchen
T105893,C10895,2025-10-01,87.02,Groceries
T103590,C10555,2025-06-18,70.68,Beauty & Personal Care
T105746,C10872,2026-03-03,62.6,Electronics
T106498,C10987,2026-04-12,32.47,Beauty & Personal Care
T105448,C10836,2025-11-06,112.49,Beauty & Personal Care
T103604,C10557,2025-08-25,355.01,Electronics
T101464,C10229,2025-06-15,49.43,Electronics
T100874,C10132,2025-10-15,257.96,Books
T102297,C10348,2025-06-02,89.51,Groceries
T102643,C10404,2026-04-20,221.92,Clothing
T104108,C10622,2025-12-02,76.5,Books
T105687,C10865,2026-01-29,65.41,Electronics
T101251,C10196,2026-03-21,30.2,Groceries
T103994,C10607,2026-04-12,32.79,Electronics
T100840,C10128,2026-03-28,212.71,Clothing
T105551,C10849,2026-03-27,236.67,Books
T100581,C10079,2026-02-17,291.49,Electronics
T100204,C10027,2026-05-23,148.3,Clothing
T103800,C10579,2026-05-19,79.4,Electronics
T101641,C10256,2025-09-06,77.6,Groceries
T102014,C10309,2026-04-24,290.24,Groceries
T103253,C10497,2025-08-15,85.54,Groceries
T104610,C10706,2025-07-08,57.34,Clothing
T100905,C10138,2026-01-28,91.06,Electronics
T100631,C10089,2025-09-01,112.66,Beauty & Personal Care
T104643,C10714,2025-11-16,29.77,Books
T104196,C10639,2025-12-02,101.64,Groceries
T101974,C10301,2025-10-09,313.76,Home & Kitchen
T100162,C10025,2025-07-06,80.75,Books
T104712,C10729,2026-04-12,268.55,Clothing
T104463,C10690,2025-08-30,77.66,Books
T105901,C10895,2026-03-21,36.92,Electronics
T104161,C10634,2025-08-04,46.74,Groceries
T100617,C10086,2025-12-18,79.5,Electronics
T100875,C10132,2025-11-02,349.35,Home & Kitchen
T101431,C10224,2026-04-18,96.6,Electronics
T102973,C10460,2026-05-25,32.53,Clothing
T104539,C10699,2025-12-19,106.81,Electronics
T100547,C10075,2026-03-18,51.13,Home & Kitchen
T104836,C10750,2026-03-13,196.91,Groceries
T105971,C10904,2026-05-05,77.83,Books
T105556,C10850,2026-01-11,22.34,Clothing
T103614,C10557,2025-12-17,350.54,Clothing
T105141,C10785,2026-01-17,106.26,Home & Kitchen
T104059,C10616,2025-06-06,163.97,Beauty & Personal Care
T103435,C10530,2025-11-17,110.45,Beauty & Personal Care
T101851,C10284,2025-08-16,334.11,Groceries
T105349,C10817,2025-08-19,18.26,Clothing
T105784,C10878,2025-07-26,54.44,Electronics
T102856,C10436,2025-07-24,72.47,Clothing
T101861,C10286,2026-05-23,75.93,Home & Kitchen
T102659,C10409,2026-02-01,33.7,Beauty & Personal Care
T103384,C10521,2025-09-23,66.71,Electronics
T106032,C10914,2025-06-09,62.26,Electronics
T100640,C10091,2025-12-13,40.44,Home & Kitchen
T104328,C10661,2025-07-27,121.72,Home & Kitchen
T101009,C10150,2025-06-05,47.58,Groceries
T103366,C10519,2026-04-23,100.92,Clothing
T106426,C10976,2025-12-24,29.85,Clothing
T100637,C10091,2025-09-08,42.49,Clothing
T103331,C10514,2025-12-12,206.79,Books
T105370,C10820,2025-09-19,281.94,Groceries
T103653,C10561,2025-09-07,74.1,Electronics
T104930,C10762,2025-09-16,97.85,Groceries
T102308,C10349,2025-08-15,72.7,Electronics
T104561,C10701,2025-11-01,364.45,Clothing
T103145,C10482,2026-01-17,314.73,Home & Kitchen
T104316,C10658,2025-06-06,63.34,Groceries
T102096,C10323,2025-06-17,23.71,Clothing
T102003,C10307,2025-07-14,32.0,Groceries
T101956,C10300,2026-04-10,36.9,Clothing
T103903,C10595,2026-02-28,71.19,Home & Kitchen
T101372,C10215,2026-04-10,202.75,Clothing
T106073,C10921,2025-10-12,233.11,Clothing
T100921,C10140,2026-05-05,209.15,Clothing
T106006,C10912,2025-12-04,87.9,Beauty & Personal Care
T100546,C10075,2025-11-14,62.83,Groceries
T101449,C10227,2025-06-26,52.65,Groceries
T102804,C10432,2026-05-20,73.61,Clothing
T102610,C10401,2025-06-20,33.95,Home & Kitchen
T101900,C10291,2026-02-17,98.87,Home & Kitchen
T105169,C10794,2026-01-08,167.77,Books
T102757,C10424,2026-01-04,86.85,Groceries
T102028,C10309,2025-09-05,259.25,Clothing
T105337,C10814,2025-10-19,97.51,Groceries
T102301,C10348,2026-04-08,53.51,Beauty & Personal Care
T101885,C10289,2026-04-11,60.22,Groceries
T106482,C10985,2025-12-10,56.88,Beauty & Personal Care
T101642,C10256,2025-07-26,55.22,Groceries
T100972,C10147,2025-09-09,28.06,Clothing
T106321,C10963,2025-10-22,198.21,Electronics
T102097,C10323,2026-02-04,15.0,Electronics
T105707,C10867,2025-08-19,177.33,Home & Kitchen
T105008,C10770,2026-02-13,258.44,Books
T105900,C10895,2026-04-16,159.52,Electronics
T106538,C10996,2025-07-24,62.48,Home & Kitchen
T100836,C10128,2026-02-01,292.71,Clothing
T103471,C10534,2025-08-16,104.05,Clothing
T100601,C10083,2026-02-12,63.15,Electronics
T102184,C10330,2026-05-02,50.49,Electronics
T103942,C10602,2026-04-20,224.3,Home & Kitchen
T105218,C10798,2025-12-03,152.73,Groceries
T102171,C10329,2025-06-26,107.12,Home & Kitchen
T105640,C10857,2025-10-30,23.29,Clothing
T101582,C10248,2026-01-11,172.02,Books
T105938,C10900,2026-03-05,29.12,Home & Kitchen
T100398,C10051,2026-05-06,262.91,Groceries
T102010,C10309,2026-05-24,168.39,Home & Kitchen
T101070,C10158,2026-05-22,270.48,Groceries
T101775,C10272,2025-07-22,275.9,Clothing
T106320,C10963,2025-08-28,260.27,Books
T101283,C10203,2026-03-18,22.03,Electronics
T105464,C10839,2025-06-16,67.68,Home & Kitchen
T104790,C10743,2025-06-24,170.94,Electronics
T106246,C10950,2026-05-10,110.3,Groceries
T101836,C10283,2025-12-25,73.36,Home & Kitchen
T105555,C10849,2025-07-31,143.79,Home & Kitchen
T101019,C10152,2026-05-31,271.55,Beauty & Personal Care
T103896,C10595,2026-02-06,106.23,Electronics
T100970,C10146,2025-06-24,38.49,Home & Kitchen
T101326,C10213,2025-12-16,204.17,Clothing
T104002,C10609,2025-06-01,20.54,Electronics
T100475,C10060,2025-06-20,331.33,Clothing
T102810,C10433,2025-09-25,289.04,Clothing
T104921,C10761,2026-02-06,22.76,Home & Kitchen
T101651,C10257,2025-08-28,41.79,Groceries
T106185,C10941,2026-03-10,183.91,Groceries
T105609,C10854,2025-12-23,96.68,Groceries
T102528,C10385,2025-09-21,99.64,Groceries
T101206,C10187,2025-08-03,65.88,Home & Kitchen
T104157,C10633,2025-10-11,73.04,Books
T100182,C10026,2025-12-24,113.72,Groceries
T101373,C10215,2026-03-17,190.67,Electronics
T100739,C10108,2026-02-01,83.77,Home & Kitchen
T105434,C10832,2026-01-12,78.49,Electronics
T105043,C10774,2025-07-17,198.47,Electronics
T105641,C10857,2025-06-11,16.56,Beauty & Personal Care
T105810,C10882,2025-12-13,88.77,Electronics
T100867,C10132,2026-04-24,276.34,Beauty & Personal Care
T102974,C10461,2025-09-30,95.77,Beauty & Personal Care
T101140,C10173,2026-02-09,18.56,Home & Kitchen
T100997,C10149,2025-08-31,380.2,Electronics
T101337,C10213,2025-12-16,236.02,Clothing
T100541,C10075,2026-04-21,37.23,Books
T101099,C10163,2025-08-12,81.94,Clothing
T101132,C10169,2025-09-04,39.72,Clothing
T106376,C10966,2025-08-31,187.0,Home & Kitchen
T105117,C10780,2025-08-08,41.45,Clothing
T102258,C10340,2026-05-10,144.85,Books
T105300,C10810,2026-02-24,240.19,Beauty & Personal Care
T103390,C10522,2025-10-06,266.99,Electronics
T105484,C10842,2025-08-13,224.84,Clothing
T102962,C10458,2025-10-19,303.94,Clothing
T100059,C10015,2026-03-09,354.29,Electronics
T103259,C10498,2025-10-14,42.49,Home & Kitchen
T102206,C10335,2026-04-29,42.23,Clothing
T101938,C10298,2025-06-04,309.1,Groceries
T104250,C10646,2025-10-31,30.64,Electronics
T104934,C10762,2026-05-29,74.51,Home & Kitchen
T106499,C10987,2025-07-07,31.01,Beauty & Personal Care
T104074,C10617,2026-01-22,231.94,Electronics
T102813,C10433,2025-07-28,278.82,Electronics
T105089,C10777,2025-10-03,249.4,Clothing
T105688,C10865,2025-11-23,53.86,Electronics
T104104,C10621,2025-09-24,18.94,Books
T101078,C10158,2025-09-16,347.86,Clothing
T104960,C10767,2025-08-20,45.81,Electronics
T106031,C10914,2026-03-28,48.35,Electronics
T105594,C10853,2026-03-21,322.77,Beauty & Personal Care
T103799,C10579,2025-11-11,84.99,Clothing
T103586,C10554,2025-10-29,62.43,Electronics
T104677,C10723,2026-03-05,120.45,Home & Kitchen
T104280,C10649,2025-08-30,36.03,Home & Kitchen
T105586,C10853,2026-04-26,234.31,Books
T102630,C10404,2026-03-31,269.36,Home & Kitchen
T105255,C10802,2026-01-27,47.68,Beauty & Personal Care
T104168,C10635,2025-09-08,34.25,Clothing
T104091,C10618,2026-04-18,93.98,Home & Kitchen
T100940,C10142,2026-02-24,36.85,Clothing
T101080,C10158,2025-07-06,255.39,Beauty & Personal Care
T100187,C10027,2025-11-03,213.54,Clothing
T101795,C10277,2025-09-23,84.87,Beauty & Personal Care
T104523,C10696,2025-09-11,305.34,Clothing
T102085,C10321,2026-04-23,63.56,Home & Kitchen
T102249,C10340,2026-05-19,321.15,Groceries
T102452,C10375,2025-09-05,293.02,Home & Kitchen
T106433,C10977,2026-03-17,67.21,Home & Kitchen
T102023,C10309,2026-05-19,183.33,Books
T105720,C10867,2025-11-20,140.7,Books
T101492,C10230,2026-05-13,243.29,Home & Kitchen
T103813,C10580,2026-01-03,351.3,Groceries
T105036,C10774,2026-02-14,348.37,Clothing
T104919,C10760,2025-11-07,96.53,Clothing
T100226,C10028,2025-09-27,279.62,Clothing
T101013,C10152,2025-06-24,215.89,Books
T102583,C10396,2025-06-10,124.76,Home & Kitchen
T101929,C10297,2026-03-21,27.07,Clothing
T104614,C10707,2025-09-11,26.61,Electronics
T106221,C10944,2025-10-03,50.75,Books
T101404,C10220,2026-05-05,22.61,Groceries
T104796,C10743,2026-03-29,208.53,Books
T102179,C10330,2026-01-07,83.77,Clothing
T100697,C10103,2025-07-11,84.6,Clothing
T101124,C10168,2026-03-30,95.62,Electronics
T103282,C10503,2025-08-10,67.78,Home & Kitchen
T103895,C10594,2025-08-03,31.37,Electronics
T101093,C10163,2025-12-18,77.53,Home & Kitchen
T106123,C10925,2026-02-01,56.95,Clothing
T103806,C10580,2025-09-24,348.15,Groceries
T101778,C10274,2026-01-06,92.02,Electronics
T104173,C10637,2025-06-17,46.77,Clothing
T102634,C10404,2025-11-14,339.53,Clothing
T103091,C10475,2025-11-06,84.71,Books
T105593,C10853,2026-01-12,285.66,Beauty & Personal Care
T104935,C10763,2026-01-04,113.42,Groceries
T103489,C10536,2025-12-11,131.1,Home & Kitchen
T101656,C10258,2025-11-23,82.77,Books
T101037,C10152,2026-05-15,177.13,Home & Kitchen
T102256,C10340,2025-06-08,319.41,Books
T104376,C10669,2025-11-16,38.32,Clothing
T106505,C10989,2026-01-18,33.66,Clothing
T100313,C10038,2025-06-07,68.36,Home & Kitchen
T102649,C10406,2025-08-27,26.11,Home & Kitchen
T102281,C10345,2026-01-19,83.2,Home & Kitchen
T104694,C10726,2026-02-28,50.72,Electronics
T102547,C10389,2026-04-26,18.73,Electronics
T102159,C10328,2026-04-05,293.59,Books
T103137,C10482,2026-04-17,240.17,Beauty & Personal Care
T105457,C10836,2025-06-05,103.53,Electronics
T103967,C10604,2025-08-22,31.37,Groceries
T101428,C10224,2025-09-07,81.04,Electronics
T106050,C10918,2025-07-30,90.95,Groceries
T102520,C10384,2026-03-27,93.34,Clothing
T104204,C10640,2025-07-15,334.76,Home & Kitchen
T104844,C10750,2026-02-10,278.65,Clothing
T100448,C10058,2025-11-06,249.65,Groceries
T104126,C10625,2026-04-22,265.84,Clothing
T101284,C10203,2026-05-06,13.31,Books
T103727,C10571,2026-01-31,378.48,Home & Kitchen
T100361,C10046,2026-02-09,104.13,Clothing
T105531,C10848,2025-08-17,198.08,Home & Kitchen
T105229,C10800,2025-12-28,318.13,Electronics
T102460,C10376,2026-05-23,102.75,Groceries
T100022,C10007,2026-04-08,36.39,Groceries
T102066,C10316,2025-06-22,12.54,Home & Kitchen
T101653,C10258,2025-12-14,74.95,Clothing
T100702,C10104,2025-11-27,80.82,Clothing
T104741,C10731,2026-02-17,313.68,Electronics
T102743,C10422,2026-03-26,316.73,Home & Kitchen
T101376,C10215,2025-11-11,237.89,Electronics
T105925,C10898,2025-06-29,74.95,Groceries
T102468,C10376,2025-10-16,111.86,Clothing
T103754,C10574,2026-01-30,21.99,Books
T102325,C10353,2026-05-19,89.05,Groceries
T100460,C10060,2026-03-13,442.02,Clothing
T104082,C10617,2026-01-05,338.17,Clothing
T101486,C10230,2025-09-23,200.59,Clothing
T103678,C10563,2026-01-27,291.35,Electronics
T100282,C10033,2025-10-04,373.69,Beauty & Personal Care
T103537,C10545,2025-08-30,305.06,Electronics
T104596,C10705,2026-02-25,68.43,Clothing
T102581,C10396,2025-07-07,112.24,Electronics
T101368,C10215,2026-05-26,249.18,Books
T106334,C10963,2025-06-11,192.87,Home & Kitchen
T100597,C10082,2026-02-15,12.41,Clothing
T105331,C10814,2026-04-04,105.71,Clothing
T106534,C10994,2025-08-11,79.21,Clothing
T106196,C10942,2026-01-18,13.06,Clothing
T104984,C10768,2026-01-12,299.29,Clothing
T103468,C10533,2026-05-22,36.57,Clothing
T104180,C10637,2025-12-21,65.44,Home & Kitchen
T102990,C10462,2025-06-27,120.1,Groceries
T105841,C10888,2025-09-20,10.54,Clothing
T102544,C10388,2025-07-06,32.47,Home & Kitchen
T104870,C10751,2026-05-18,121.33,Clothing
T106405,C10972,2026-04-23,376.26,Groceries
T104066,C10616,2026-04-17,185.28,Groceries
T103988,C10606,2025-07-23,93.82,Groceries
T106356,C10965,2026-04-03,116.49,Home & Kitchen
T100685,C10101,2025-09-11,68.7,Beauty & Personal Care
T105952,C10902,2026-01-15,71.08,Electronics
T103243,C10496,2026-01-19,352.01,Clothing
T105077,C10777,2025-06-18,336.94,Clothing
T104083,C10617,2026-04-27,158.65,Books
T102837,C10434,2026-01-30,352.94,Clothing
T103697,C10566,2026-05-06,296.51,Beauty & Personal Care
T104040,C10613,2025-06-02,253.41,Electronics
T102230,C10336,2025-08-18,311.32,Clothing
T105876,C10893,2025-12-03,222.69,Books
T102320,C10351,2025-07-04,41.81,Clothing
T100521,C10070,2025-12-09,83.95,Books
T100522,C10070,2026-05-18,65.86,Books
T105123,C10781,2025-09-29,30.68,Clothing
T105282,C10808,2025-09-25,122.09,Electronics
T106283,C10955,2025-08-28,37.55,Electronics
T105946,C10902,2026-05-02,72.82,Beauty & Personal Care
T100780,C10116,2025-10-02,31.05,Clothing
T105130,C10783,2026-02-02,86.54,Electronics
T104500,C10692,2026-04-10,51.54,Electronics
T100651,C10095,2025-07-12,35.69,Clothing
T106484,C10985,2025-06-05,80.71,Electronics
T102196,C10334,2026-05-09,98.09,Electronics
T100369,C10048,2025-09-13,33.93,Clothing
T100377,C10049,2025-07-31,304.03,Groceries
T102216,C10336,2025-06-10,323.72,Clothing
T104989,C10769,2026-02-23,48.15,Clothing
T101613,C10250,2026-04-10,308.54,Electronics
T105894,C10895,2025-10-13,185.58,Clothing
T103632,C10558,2026-05-27,298.54,Books
T100962,C10145,2025-09-13,65.48,Clothing
T105912,C10896,2026-05-10,48.69,Electronics
T106168,C10937,2025-12-01,26.85,Groceries
T104995,C10770,2026-03-13,292.71,Beauty & Personal Care
T100359,C10046,2025-07-24,68.73,Beauty & Personal Care
T103839,C10586,2026-04-25,61.86,Groceries
T104374,C10669,2025-11-08,88.82,Electronics
T101246,C10194,2025-07-31,37.16,Groceries
T104563,C10701,2026-03-07,289.46,Clothing
T103694,C10566,2025-10-12,323.49,Groceries
T105545,C10849,2025-08-21,132.78,Groceries
T102567,C10393,2025-12-14,91.84,Groceries
T103423,C10525,2025-10-10,95.33,Clothing
T102037,C10311,2026-01-20,67.14,Groceries
T100772,C10113,2025-07-25,33.61,Clothing
T106039,C10917,2025-07-03,105.63,Books
T103562,C10552,2026-05-24,37.96,Books
T106223,C10945,2026-01-15,44.34,Groceries
T106004,C10911,2025-10-15,16.37,Electronics
T101674,C10259,2026-03-01,278.94,Clothing
T100365,C10047,2025-06-01,38.94,Groceries
T104296,C10653,2025-12-20,47.55,Electronics
T105542,C10849,2025-12-28,277.53,Electronics
T100147,C10023,2025-09-16,35.37,Groceries
T105767,C10876,2025-12-29,105.22,Clothing
T103088,C10475,2026-05-01,44.04,Electronics
T105659,C10859,2025-11-26,268.32,Groceries
T100407,C10051,2026-05-02,261.52,Books
T106068,C10920,2025-08-17,64.16,Home & Kitchen
T103456,C10531,2025-11-21,256.13,Beauty & Personal Care
T104182,C10638,2025-07-20,32.54,Clothing
T103576,C10554,2025-12-21,60.39,Electronics
T103271,C10499,2025-12-27,78.25,Electronics
T101031,C10152,2025-12-21,166.92,Books
T104284,C10651,2025-07-24,32.17,Electronics
T100855,C10130,2025-12-21,40.16,Groceries
T103926,C10600,2025-06-04,112.91,Groceries
T100078,C10015,2026-03-20,310.1,Home & Kitchen
T102247,C10340,2025-09-27,208.55,Clothing
T105174,C10794,2025-06-26,251.66,Clothing
T105998,C10910,2026-04-09,111.13,Clothing
T106042,C10917,2026-06-01,126.4,Clothing
T105101,C10778,2025-06-28,114.61,Books
T100788,C10119,2026-03-09,29.78,Clothing
T102279,C10345,2025-12-19,100.3,Clothing
T104095,C10619,2026-02-01,91.98,Groceries
T103897,C10595,2025-11-26,95.99,Groceries
T105716,C10867,2025-09-01,184.91,Home & Kitchen
T105453,C10836,2026-01-28,91.07,Electronics
T103631,C10558,2025-09-28,278.63,Home & Kitchen
T104908,C10757,2025-06-12,248.54,Clothing
T100424,C10054,2025-09-01,274.72,Electronics
T100392,C10050,2026-03-06,34.36,Clothing
T106217,C10944,2025-07-05,33.28,Electronics
T106207,C10943,2026-01-14,204.29,Beauty & Personal Care
T104200,C10640,2025-08-18,341.41,Home & Kitchen
T102672,C10412,2025-10-30,85.76,Clothing
T106009,C10912,2025-11-15,80.16,Clothing
T105040,C10774,2025-11-22,264.07,Home & Kitchen
T103493,C10536,2026-02-21,184.22,Clothing
T101459,C10228,2025-12-26,24.71,Groceries
T105927,C10898,2025-07-12,90.36,Electronics
T104338,C10662,2026-01-17,33.46,Beauty & Personal Care
T103835,C10585,2026-05-10,32.6,Groceries
T105078,C10777,2025-07-24,301.81,Groceries
T106262,C10954,2026-03-21,249.28,Electronics
T102355,C10358,2025-11-29,33.63,Electronics
T102442,C10375,2026-03-09,231.77,Books
T105102,C10778,2025-11-06,110.81,Groceries
T100464,C10060,2026-05-11,338.16,Clothing
T100163,C10025,2025-10-21,51.07,Clothing
T105680,C10861,2025-06-04,248.03,Books
T106305,C10960,2025-06-21,23.71,Beauty & Personal Care
T106525,C10994,2025-11-13,93.75,Clothing
T102009,C10309,2026-03-08,295.65,Clothing
T103084,C10474,2025-12-13,59.89,Electronics
T100900,C10138,2026-03-24,95.9,Electronics
T105133,C10785,2025-06-07,105.02,Electronics
T102293,C10347,2025-08-14,12.28,Electronics
T103716,C10568,2025-12-31,104.46,Groceries
T105447,C10836,2025-07-22,134.22,Clothing
T101764,C10272,2025-09-22,329.6,Groceries
T101549,C10241,2025-09-23,31.91,Groceries
T103029,C10467,2026-06-01,318.9,Clothing
T104950,C10766,2025-10-07,84.95,Home & Kitchen
T102044,C10312,2025-06-08,43.08,Home & Kitchen
T100767,C10112,2025-12-30,115.08,Home & Kitchen
T101508,C10232,2025-06-19,60.32,Home & Kitchen
T106394,C10972,2025-12-25,264.27,Groceries
T104219,C10644,2025-10-04,85.67,Groceries
T105456,C10836,2025-10-06,98.26,Electronics
T104689,C10726,2026-04-09,46.34,Clothing
T103292,C10503,2025-08-24,119.22,Groceries
T100819,C10123,2026-04-10,32.64,Books
T101403,C10219,2026-02-07,21.47,Electronics
T101382,C10216,2025-06-25,83.04,Clothing
T102148,C10328,2025-11-14,260.54,Groceries
T101638,C10256,2026-04-09,87.36,Electronics
T106327,C10963,2025-12-27,229.55,Groceries
T100399,C10051,2026-04-30,330.53,Books
T100882,C10132,2026-05-27,235.15,Groceries
T103565,C10552,2026-04-18,71.58,Home & Kitchen
T105868,C10892,2026-05-25,65.11,Books
T101179,C10180,2026-02-04,34.23,Groceries
T104244,C10645,2025-07-13,282.9,Electronics
T104462,C10690,2026-01-06,72.86,Clothing
T102130,C10326,2026-03-16,107.27,Home & Kitchen
T100456,C10058,2025-10-10,269.99,Books
T101950,C10300,2025-06-05,42.34,Electronics
T100689,C10102,2025-06-25,24.82,Beauty & Personal Care
T105184,C10795,2026-04-22,353.93,Clothing
T101953,C10300,2026-04-10,59.13,Beauty & Personal Care
T102710,C10419,2025-11-03,296.11,Home & Kitchen
T104863,C10751,2026-05-06,54.92,Clothing
T105696,C10865,2025-07-19,66.88,Home & Kitchen
T101884,C10289,2025-11-21,55.62,Beauty & Personal Care
T104936,C10763,2025-12-10,105.32,Electronics
T102494,C10380,2025-10-10,34.84,Electronics
T103036,C10468,2026-02-14,143.89,Groceries
T103603,C10557,2026-05-07,315.93,Electronics
T100845,C10128,2026-01-28,239.81,Electronics
T100542,C10075,2025-07-17,62.12,Groceries
T103724,C10571,2025-07-14,293.89,Clothing
T104187,C10639,2025-07-11,74.44,Beauty & Personal Care
T103679,C10563,2025-09-06,227.58,Electronics
T105662,C10859,2026-03-22,302.26,Beauty & Personal Care
T105371,C10820,2026-01-12,287.77,Beauty & Personal Care
T105956,C10903,2025-11-11,90.04,Home & Kitchen
T102964,C10458,2025-06-29,391.54,Home & Kitchen
T102529,C10385,2025-10-07,51.83,Electronics
T101048,C10157,2025-07-14,72.89,Groceries
T101960,C10300,2025-12-23,68.12,Clothing
T102530,C10385,2025-06-13,75.9,Groceries
T104824,C10748,2025-08-01,104.14,Clothing
T100237,C10028,2026-01-01,285.73,Home & Kitchen
T101133,C10170,2025-06-05,43.23,Home & Kitchen
T105432,C10832,2025-09-20,69.78,Groceries
T104259,C10647,2025-11-10,183.0,Electronics
T104842,C10750,2025-10-14,254.61,Home & Kitchen
T105874,C10893,2025-08-27,367.13,Groceries
T102978,C10461,2025-09-29,90.25,Clothing
T105194,C10796,2026-02-11,50.02,Clothing
T104416,C10679,2025-10-22,92.15,Clothing
T103919,C10600,2025-06-06,97.61,Books
T103138,C10482,2026-03-03,314.9,Electronics
T105859,C10891,2025-12-03,91.68,Groceries
T104073,C10616,2026-01-09,168.57,Clothing
T105639,C10856,2025-09-21,174.61,Clothing
T103229,C10495,2025-08-04,95.94,Home & Kitchen
T101826,C10282,2025-12-30,20.41,Beauty & Personal Care
T100593,C10081,2026-03-30,29.93,Electronics
T102725,C10419,2025-09-03,337.21,Clothing
T104137,C10628,2025-08-11,350.06,Clothing
T100560,C10076,2025-08-10,70.74,Groceries
T105139,C10785,2025-10-11,88.33,Groceries
T100243,C10029,2026-04-15,92.28,Home & Kitchen
T104535,C10697,2026-01-02,25.81,Electronics
T100405,C10051,2026-01-20,299.78,Electronics
T101442,C10226,2026-03-02,99.86,Beauty & Personal Care
T100261,C10031,2025-08-25,280.55,Groceries
T106443,C10978,2025-08-17,72.16,Clothing
T101689,C10262,2025-10-07,90.66,Clothing
T101725,C10266,2026-02-16,236.1,Clothing
T102496,C10381,2025-12-07,40.91,Beauty & Personal Care
T104649,C10716,2026-02-01,99.81,Books
T100340,C10042,2025-08-16,78.91,Books
T106229,C10948,2026-05-07,41.2,Clothing
T101601,C10250,2025-11-08,381.17,Electronics
T103725,C10571,2025-10-20,354.13,Electronics
T106517,C10990,2026-03-24,77.24,Clothing
T102785,C10429,2025-06-28,82.4,Clothing
T101523,C10236,2025-10-31,201.75,Clothing
T104884,C10757,2025-08-22,266.77,Books
T105827,C10883,2025-06-11,77.5,Clothing
T106090,C10922,2025-09-14,91.85,Home & Kitchen
T101766,C10272,2025-09-01,450.45,Groceries
T104037,C10613,2026-02-16,232.1,Clothing
T105185,C10795,2025-09-22,204.15,Clothing
T105317,C10811,2025-08-07,233.83,Home & Kitchen
T106146,C10931,2026-03-21,40.85,Electronics
T100363,C10046,2026-03-09,87.16,Electronics
T106509,C10990,2025-09-16,96.45,Clothing
T105909,C10895,2025-11-23,117.96,Electronics
T105230,C10800,2025-06-15,360.61,Groceries
T106069,C10921,2025-12-09,185.61,Home & Kitchen
T102562,C10392,2026-04-20,14.01,Books
T104574,C10701,2026-05-08,241.03,Clothing
T106024,C10914,2025-08-15,49.96,Clothing
T103083,C10474,2026-03-08,45.92,Books
T106053,C10919,2026-05-24,101.39,Clothing
T102102,C10325,2025-07-11,292.91,Home & Kitchen
T100632,C10089,2026-04-16,87.35,Beauty & Personal Care
T102493,C10380,2026-04-12,75.34,Clothing
T102665,C10410,2025-07-17,36.66,Electronics
T106044,C10918,2025-07-06,71.93,Home & Kitchen
T104815,C10746,2025-07-20,43.43,Clothing
T104671,C10722,2026-03-06,9.13,Clothing
T102334,C10354,2025-06-13,34.23,Home & Kitchen
T105027,C10772,2026-05-11,46.76,Beauty & Personal Care
T103619,C10557,2026-04-03,360.63,Home & Kitchen
T103883,C10592,2026-03-16,79.51,Groceries
T104442,C10687,2025-09-05,25.94,Clothing
T104211,C10642,2026-03-19,35.2,Home & Kitchen
T101494,C10230,2025-07-23,348.61,Electronics
T102401,C10368,2026-01-25,89.63,Home & Kitchen
T103874,C10591,2026-03-30,248.27,Clothing
T101232,C10193,2025-12-18,257.5,Home & Kitchen
T102661,C10409,2026-01-18,26.46,Home & Kitchen
T102817,C10433,2026-02-18,313.32,Home & Kitchen
T106001,C10910,2025-11-08,94.65,Home & Kitchen
T105210,C10797,2025-08-07,69.85,Clothing
T104153,C10632,2025-08-19,19.87,Electronics
T104885,C10757,2025-11-17,211.44,Clothing
T103061,C10471,2025-07-18,153.47,Clothing
T105612,C10854,2026-04-12,111.7,Home & Kitchen
T106510,C10990,2025-08-16,98.35,Groceries
T101735,C10269,2025-11-17,64.55,Electronics
T102823,C10434,2025-11-27,201.39,Electronics
T105001,C10770,2025-09-06,272.49,Clothing
T106462,C10982,2025-08-15,43.34,Home & Kitchen
T102475,C10377,2025-07-11,67.61,Home & Kitchen
T102564,C10393,2026-01-22,68.65,Groceries
T106382,C10969,2025-08-07,17.1,Clothing
T105074,C10777,2026-01-26,295.13,Home & Kitchen
T100707,C10104,2026-02-18,117.71,Beauty & Personal Care
T103046,C10468,2025-11-08,218.97,Electronics
T105603,C10853,2025-10-08,315.04,Clothing
T105007,C10770,2025-12-06,319.54,Books
T100072,C10015,2026-04-20,303.72,Electronics
T106149,C10932,2026-02-22,42.71,Electronics
T101190,C10182,2025-12-20,104.51,Groceries
T102601,C10398,2025-10-03,78.59,Books
T101125,C10168,2025-08-08,53.92,Clothing
T101241,C10193,2025-08-29,251.74,Electronics
T105885,C10894,2025-11-12,52.21,Clothing
T105418,C10829,2025-06-04,94.81,Groceries
T103351,C10516,2026-04-29,78.23,Groceries
T104008,C10610,2025-06-07,59.79,Groceries
T101577,C10248,2026-05-13,281.05,Clothing
T103906,C10597,2025-10-15,38.65,Electronics
T103729,C10571,2025-10-15,209.18,Groceries
T104358,C10668,2026-02-05,237.09,Clothing
T101343,C10213,2026-03-18,310.67,Home & Kitchen
T106565,C10998,2025-06-09,239.24,Home & Kitchen
T100440,C10056,2026-05-04,109.83,Clothing
T101100,C10163,2025-11-23,91.72,Home & Kitchen
T102637,C10404,2025-09-21,301.59,Electronics
T104983,C10768,2025-06-27,263.69,Electronics
T100649,C10094,2025-11-26,45.64,Books
T101546,C10240,2026-05-18,23.69,Books
T104987,C10768,2025-10-02,274.52,Home & Kitchen
T105006,C10770,2025-11-16,347.58,Electronics
T102852,C10436,2025-07-06,66.66,Beauty & Personal Care
T103503,C10536,2026-02-12,213.54,Home & Kitchen
T104722,C10729,2026-03-12,249.38,Clothing
T100630,C10089,2025-12-10,64.33,Electronics
T101249,C10195,2026-02-17,22.1,Clothing
T104668,C10721,2026-05-02,21.21,Beauty & Personal Care
T100482,C10061,2026-02-06,65.2,Groceries
T101584,C10248,2025-07-18,244.26,Clothing
T101462,C10228,2025-08-21,20.3,Electronics
T103040,C10468,2025-08-31,191.53,Clothing
T105045,C10774,2026-03-30,292.67,Groceries
T103273,C10500,2025-11-04,19.81,Books
T103683,C10563,2025-12-09,293.23,Clothing
T104145,C10628,2026-05-23,201.62,Books
T104615,C10707,2026-02-07,24.78,Clothing
T103225,C10494,2026-04-30,23.45,Clothing
T101072,C10158,2025-11-14,276.66,Clothing
T102631,C10404,2026-01-01,277.69,Electronics
T101660,C10258,2026-02-18,100.0,Clothing
T102425,C10373,2025-07-26,104.77,Groceries
T106014,C10912,2026-03-02,99.9,Clothing
T103097,C10477,2026-04-19,42.25,Clothing
T103976,C10605,2026-02-12,87.71,Electronics
T105879,C10893,2026-02-07,319.64,Books
T106243,C10949,2025-12-03,103.96,Books
T106365,C10966,2025-09-04,258.48,Clothing
T105201,C10797,2025-11-09,60.59,Home & Kitchen
T101408,C10221,2025-12-21,22.64,Home & Kitchen
T101845,C10284,2026-05-18,193.96,Clothing
T101798,C10277,2026-02-12,112.29,Home & Kitchen
T103957,C10602,2026-05-03,242.17,Clothing
T101475,C10230,2025-10-11,303.92,Groceries
T100035,C10011,2025-07-27,44.85,Electronics
T100444,C10058,2026-05-14,210.12,Groceries
T102359,C10360,2025-11-09,67.37,Groceries
T103654,C10561,2025-08-12,88.72,Books
T103179,C10485,2025-12-01,47.56,Beauty & Personal Care
T101286,C10203,2025-11-09,8.06,Books
T104860,C10750,2025-10-30,196.54,Electronics
T104445,C10688,2025-07-27,69.7,Clothing
T103416,C10525,2026-05-12,101.67,Groceries
T102137,C10327,2025-09-22,22.94,Clothing
T102636,C10404,2025-09-11,264.06,Clothing
T104016,C10611,2026-05-02,57.08,Beauty & Personal Care
T106355,C10965,2026-03-27,80.77,Groceries
T101681,C10261,2026-01-18,25.64,Electronics
T105470,C10840,2025-06-24,49.98,Home & Kitchen
T101692,C10263,2026-03-29,112.87,Home & Kitchen
T104838,C10750,2026-04-21,287.87,Groceries
T106581,C10999,2025-08-23,28.69,Clothing
T103635,C10558,2026-01-06,323.68,Groceries
T100372,C10048,2026-02-04,45.06,Electronics
T105039,C10774,2026-03-15,258.27,Clothing
T100140,C10022,2026-01-05,188.91,Home & Kitchen
T104419,C10679,2026-05-31,54.94,Electronics
T106124,C10925,2025-10-15,76.75,Electronics
T105397,C10824,2026-05-13,41.08,Books
T100714,C10106,2026-02-27,71.76,Clothing
T103188,C10488,2025-07-27,117.17,Books
T105797,C10881,2025-09-03,213.61,Groceries
T104431,C10683,2025-12-22,15.41,Electronics
T105753,C10873,2026-06-01,73.97,Clothing
T100406,C10051,2025-08-13,215.26,Clothing
T100020,C10006,2025-08-23,111.66,Clothing
T101004,C10149,2025-10-03,383.07,Books
T102411,C10372,2025-12-29,34.71,Clothing
T102545,C10388,2025-09-11,22.5,Groceries
T102390,C10367,2025-12-18,32.87,Electronics
T105273,C10807,2025-10-26,22.94,Electronics
T100042,C10011,2025-07-29,61.42,Groceries
T102830,C10434,2026-03-24,186.45,Groceries
T103371,C10520,2025-08-05,35.99,Clothing
T103022,C10467,2025-10-13,296.61,Clothing
T103364,C10519,2026-05-28,98.17,Groceries
T104399,C10674,2026-01-19,377.35,Home & Kitchen
T100011,C10005,2026-03-02,86.8,Electronics
T101177,C10180,2025-10-24,39.25,Clothing
T101947,C10299,2025-11-25,29.2,Clothing
T102501,C10383,2026-04-23,367.56,Electronics
T102863,C10438,2026-01-04,64.1,Groceries
T103865,C10591,2026-02-07,248.82,Groceries
T101026,C10152,2026-02-12,252.25,Groceries
T103848,C10587,2026-03-03,67.26,Electronics
T102989,C10462,2026-01-19,133.53,Groceries
T100961,C10145,2026-05-23,82.47,Groceries
T102889,C10444,2026-01-27,108.83,Home & Kitchen
T103015,C10467,2026-02-09,369.1,Clothing
T103338,C10514,2026-03-12,309.22,Books
T104629,C10709,2025-07-05,35.68,Clothing
T100735,C10107,2026-02-08,206.93,Electronics
T104400,C10674,2026-04-25,354.57,Books
T101440,C10225,2026-03-29,114.59,Home & Kitchen
T102875,C10443,2026-02-10,53.97,Home & Kitchen
T103986,C10606,2026-01-06,73.27,Electronics
T100916,C10140,2026-03-06,290.87,Clothing
T105479,C10842,2026-05-03,399.01,Home & Kitchen
T104089,C10618,2025-08-07,66.86,Clothing
T106071,C10921,2026-04-08,135.05,Clothing
T105128,C10783,2026-01-04,82.24,Electronics
T102772,C10426,2025-11-01,20.85,Books
T101624,C10252,2026-05-01,48.4,Electronics
T105341,C10814,2025-11-11,115.95,Beauty & Personal Care
T100821,C10124,2026-01-31,51.99,Home & Kitchen
T101367,C10215,2025-08-30,224.68,Groceries
T103712,C10566,2025-11-24,293.93,Beauty & Personal Care
T105903,C10895,2026-01-27,216.04,Clothing
T100850,C10129,2026-04-27,65.07,Electronics
T101000,C10149,2026-02-25,418.13,Clothing
T106452,C10981,2025-11-15,84.56,Home & Kitchen
T104114,C10624,2026-02-11,31.28,Groceries
T101637,C10255,2026-02-08,33.55,Electronics
T101667,C10259,2025-08-31,172.93,Home & Kitchen
T103173,C10484,2025-10-23,242.86,Groceries
T104991,C10769,2025-09-18,39.6,Books
T101347,C10214,2026-04-05,96.54,Clothing
T105125,C10783,2025-06-23,69.74,Clothing
T103230,C10495,2026-03-04,90.26,Clothing
T104608,C10706,2025-07-02,66.62,Groceries
T105041,C10774,2026-05-23,154.5,Electronics
T103232,C10495,2025-11-07,80.46,Home & Kitchen
T105372,C10821,2026-02-01,14.33,Books
T100703,C10104,2025-11-28,70.26,Groceries
T105231,C10800,2025-08-10,295.54,Groceries
T103291,C10503,2026-04-27,62.75,Electronics
T103673,C10563,2025-08-29,272.77,Clothing
T102408,C10370,2025-11-26,22.44,Groceries
T101327,C10213,2025-06-14,243.94,Clothing
T106120,C10925,2025-06-07,52.08,Home & Kitchen
T105384,C10822,2025-12-29,350.55,Beauty & Personal Care
T104440,C10687,2025-12-13,16.39,Groceries
T105944,C10901,2026-02-15,68.69,Groceries
T100986,C10149,2025-09-20,423.33,Home & Kitchen
T105960,C10903,2025-09-06,79.7,Clothing
T105647,C10859,2025-12-04,380.3,Beauty & Personal Care
T105438,C10833,2025-08-03,34.42,Electronics
T104049,C10613,2026-03-01,262.84,Clothing
T103485,C10536,2025-09-15,185.22,Clothing
T102474,C10377,2025-10-22,61.35,Home & Kitchen
T103873,C10591,2026-04-05,211.39,Home & Kitchen
T101198,C10185,2025-12-06,36.94,Beauty & Personal Care
T104181,C10638,2025-08-06,34.22,Groceries
T101518,C10235,2026-03-27,91.45,Clothing
T101799,C10277,2025-12-21,96.47,Clothing
T101014,C10152,2026-05-17,337.14,Books
T100128,C10020,2025-11-01,267.13,Books
T101364,C10215,2025-09-23,331.17,Groceries
T105046,C10774,2025-06-11,135.39,Groceries
T104470,C10691,2026-02-24,176.35,Home & Kitchen
T100891,C10135,2026-03-08,19.88,Books
T102793,C10430,2026-05-17,168.74,Groceries
T105514,C10847,2025-08-01,114.25,Home & Kitchen
T104403,C10675,2025-08-11,44.87,Electronics
T106576,C10998,2025-11-16,173.45,Groceries
T105631,C10856,2025-12-15,206.27,Electronics
T103249,C10496,2026-03-21,206.18,Groceries
T101208,C10188,2026-04-27,15.42,Electronics
T103868,C10591,2026-02-17,292.23,Clothing
T105897,C10895,2026-05-03,217.11,Home & Kitchen
T104065,C10616,2026-05-01,144.17,Clothing
T105617,C10855,2026-05-29,32.55,Home & Kitchen
T101239,C10193,2026-04-08,343.33,Electronics
T102289,C10346,2026-02-17,124.29,Groceries
T102740,C10422,2025-09-21,309.56,Clothing
T100275,C10032,2026-02-06,104.71,Electronics
T104585,C10704,2026-05-28,88.83,Home & Kitchen
T101035,C10152,2025-11-30,329.04,Home & Kitchen
T101229,C10191,2025-12-23,105.08,Electronics
T101008,C10150,2026-01-30,71.35,Electronics
T103828,C10583,2025-07-20,111.85,Clothing
T102532,C10386,2025-08-01,46.29,Electronics
T104293,C10653,2025-11-27,60.25,Books
T101058,C10158,2025-09-09,300.0,Home & Kitchen
T105026,C10772,2025-06-09,37.88,Clothing
T100281,C10033,2026-03-31,327.5,Clothing
T101043,C10154,2026-01-14,43.1,Clothing
T101316,C10211,2026-01-15,138.66,Beauty & Personal Care
T100968,C10146,2025-11-11,37.65,Books
T102381,C10363,2025-09-07,19.84,Clothing
T106176,C10939,2025-07-21,106.27,Clothing
T101939,C10298,2026-03-05,259.71,Books
T104708,C10729,2026-05-16,295.83,Books
T101274,C10202,2026-02-27,74.43,Books
T100619,C10086,2025-11-06,71.97,Home & Kitchen
T104764,C10737,2025-12-03,15.88,Clothing
T101742,C10269,2025-12-17,89.84,Groceries
T101390,C10216,2026-01-18,57.58,Electronics
T105345,C10815,2026-05-18,28.27,Home & Kitchen
T101579,C10248,2025-06-24,182.3,Electronics
T101655,C10258,2025-10-06,75.82,Clothing
T103568,C10553,2026-03-11,107.89,Electronics
T102352,C10357,2025-11-01,89.14,Home & Kitchen
T102212,C10336,2026-05-31,389.67,Electronics
T106543,C10996,2025-12-18,67.57,Beauty & Personal Care
T103178,C10484,2026-02-08,252.83,Clothing
T103192,C10488,2025-08-25,138.0,Groceries
T101307,C10210,2025-07-04,84.8,Electronics
T100575,C10079,2026-03-29,201.69,Clothing
T102360,C10360,2025-10-18,45.8,Clothing
T101280,C10202,2026-02-22,58.24,Clothing
T105340,C10814,2025-09-02,93.73,Home & Kitchen
T105435,C10832,2025-12-10,58.98,Electronics
T101993,C10304,2025-10-17,39.85,Beauty & Personal Care
T102639,C10404,2026-01-10,274.42,Electronics
T100269,C10031,2025-10-03,290.06,Electronics
T100629,C10089,2026-04-13,106.13,Electronics
T105724,C10867,2025-07-04,139.99,Clothing
T103081,C10474,2025-10-23,64.79,Clothing
T103466,C10532,2026-05-31,41.18,Electronics
T106016,C10913,2025-10-30,140.14,Groceries
T104396,C10674,2026-03-12,285.17,Groceries
T104023,C10612,2026-05-31,300.56,Clothing
T106571,C10998,2025-07-30,137.83,Beauty & Personal Care
T102046,C10312,2026-02-11,55.41,Books
T104356,C10668,2026-03-28,218.87,Clothing
T105154,C10789,2026-01-15,16.02,Clothing
T102113,C10325,2025-09-06,286.29,Electronics
T100027,C10008,2025-06-17,24.98,Beauty & Personal Care
T102040,C10311,2025-06-10,64.35,Electronics
T103928,C10600,2025-11-24,80.81,Clothing
T105939,C10900,2025-09-05,34.06,Groceries
T103216,C10493,2026-05-05,28.84,Beauty & Personal Care
T103814,C10580,2025-11-26,283.19,Groceries
T100129,C10020,2025-07-24,236.98,Books
T104862,C10751,2026-01-15,64.87,Clothing
T106458,C10981,2025-10-18,90.56,Clothing
T104599,C10705,2026-04-13,92.24,Beauty & Personal Care
T100013,C10005,2025-10-29,65.08,Beauty & Personal Care
T105632,C10856,2025-10-29,170.6,Groceries
T104476,C10691,2025-10-08,137.13,Clothing
T101525,C10236,2025-09-11,304.16,Clothing
T102365,C10360,2025-12-09,84.25,Groceries
T104648,C10715,2025-07-07,39.89,Books
T103052,C10471,2025-08-16,155.68,Electronics
T104005,C10610,2025-10-08,76.01,Books
T102340,C10355,2025-07-05,108.46,Clothing
T100374,C10049,2026-03-10,402.52,Clothing
T104782,C10741,2025-06-18,29.51,Beauty & Personal Care
T105643,C10858,2025-09-07,34.23,Clothing
T100939,C10142,2026-05-10,40.43,Clothing
T106297,C10959,2026-04-01,63.66,Electronics
T104573,C10701,2026-03-29,249.27,Home & Kitchen
T102147,C10328,2025-09-20,224.28,Groceries
T103591,C10555,2026-02-28,63.72,Clothing
T105964,C10904,2026-01-24,98.34,Home & Kitchen
T105522,C10848,2025-11-29,273.21,Home & Kitchen
T103623,C10558,2026-05-14,312.69,Books
T100529,C10072,2026-04-04,36.52,Clothing
T103714,C10567,2025-06-04,47.96,Books
T101269,C10201,2025-10-04,112.92,Electronics
T104281,C10650,2025-12-13,23.72,Clothing
T101394,C10217,2025-07-09,45.72,Home & Kitchen
T104009,C10610,2025-08-06,76.62,Clothing
T104390,C10674,2026-02-26,355.95,Electronics
T101797,C10277,2025-10-27,84.21,Electronics
T102979,C10461,2025-08-22,85.09,Books
T101441,C10225,2025-07-22,122.25,Books
T104907,C10757,2026-01-04,177.48,Home & Kitchen
T106410,C10972,2025-09-25,331.39,Books
T103811,C10580,2025-08-21,367.43,Books
T101273,C10201,2025-11-19,89.63,Electronics
T101712,C10265,2025-09-18,21.78,Groceries
T100955,C10144,2026-03-28,121.64,Groceries
T104857,C10750,2026-05-09,267.77,Home & Kitchen
T105245,C10800,2025-11-13,269.56,Electronics
T105806,C10881,2026-02-21,111.31,Home & Kitchen
T106034,C10915,2025-12-10,32.82,Home & Kitchen
T100403,C10051,2025-07-22,270.99,Beauty & Personal Care
T102071,C10317,2025-11-30,90.83,Groceries
T106249,C10950,2025-09-24,117.34,Groceries
T101977,C10301,2025-12-02,362.07,Home & Kitchen
T100158,C10024,2025-09-22,90.56,Electronics
T103888,C10592,2026-04-06,95.01,Clothing
T100902,C10138,2025-07-03,90.8,Home & Kitchen
T100352,C10045,2026-03-23,68.34,Electronics
T104540,C10699,2026-05-10,79.72,Electronics
T104130,C10626,2025-12-14,69.35,Electronics
T100754,C10110,2025-08-26,43.27,Home & Kitchen
T102971,C10459,2026-05-06,39.9,Groceries
T106550,C10997,2025-07-03,16.25,Home & Kitchen
T102920,C10449,2025-07-18,56.46,Groceries
T100311,C10036,2026-05-29,77.97,Home & Kitchen
T104644,C10715,2025-07-08,73.7,Beauty & Personal Care
T100661,C10097,2025-10-26,48.47,Clothing
T101989,C10303,2026-04-10,75.98,Home & Kitchen
T103665,C10563,2026-01-28,168.87,Clothing
T100306,C10036,2026-03-29,80.66,Books
T102335,C10355,2025-12-30,106.6,Clothing
T102356,C10359,2025-12-10,23.33,Groceries
T103702,C10566,2025-07-12,234.06,Home & Kitchen
T103804,C10580,2025-11-18,301.78,Electronics
T101927,C10297,2025-08-31,15.85,Home & Kitchen
T103427,C10527,2026-03-05,31.26,Groceries
T100749,C10109,2026-05-30,74.97,Clothing
T103638,C10558,2025-10-30,304.15,Clothing
T104773,C10739,2026-05-07,55.07,Electronics
T101266,C10201,2026-03-30,92.71,Books
T104981,C10768,2025-08-24,315.4,Home & Kitchen
T105804,C10881,2025-11-10,285.38,Electronics
T103595,C10556,2026-04-03,90.63,Electronics
T102134,C10326,2025-12-21,95.38,Electronics
T104109,C10622,2025-07-14,82.99,Beauty & Personal Care
T100514,C10069,2026-04-06,25.73,Clothing
T105873,C10893,2026-01-29,258.05,Clothing
T100409,C10051,2025-10-14,294.36,Clothing
T105303,C10810,2025-07-21,278.3,Books
T106556,C10998,2026-05-09,198.47,Books
T106506,C10989,2026-02-16,41.29,Clothing
T105690,C10865,2026-05-29,73.9,Clothing
T100207,C10027,2025-07-25,242.87,Groceries
T100458,C10058,2025-10-30,247.66,Groceries
T102054,C10313,2026-01-13,78.85,Clothing
T102430,C10374,2025-08-15,78.11,Groceries
T100250,C10030,2026-01-02,83.1,Clothing
T105607,C10854,2025-08-22,90.44,Clothing
T101107,C10165,2026-03-10,74.83,Electronics
T105324,C10813,2026-04-03,100.38,Home & Kitchen
T101713,C10265,2025-11-17,67.08,Clothing
T103911,C10598,2026-02-13,79.62,Clothing
T100715,C10106,2025-11-08,88.87,Groceries
T100552,C10076,2026-02-18,83.91,Electronics
T101439,C10225,2025-08-16,115.67,Electronics
T102270,C10342,2025-12-20,30.45,Books
T103144,C10482,2026-01-28,312.84,Electronics
T106281,C10954,2026-05-18,266.47,Groceries
T101925,C10296,2025-06-05,22.78,Groceries
T100634,C10090,2025-09-30,30.23,Books
T100316,C10038,2025-06-27,66.38,Clothing
T106175,C10939,2025-12-14,104.67,Groceries
T100427,C10055,2026-04-23,25.4,Clothing
T104868,C10751,2026-02-03,77.38,Beauty & Personal Care
T100105,C10017,2025-11-08,356.24,Electronics
T103041,C10468,2026-02-13,168.87,Home & Kitchen
T104238,C10645,2025-07-02,354.3,Books
T102169,C10329,2025-08-15,115.26,Electronics
T101709,C10265,2026-02-14,39.75,Electronics
T100089,C10016,2025-10-21,197.18,Home & Kitchen
T102241,C10338,2025-11-11,84.57,Beauty & Personal Care
T103174,C10484,2025-07-15,153.95,Groceries
T104898,C10757,2025-10-17,268.7,Beauty & Personal Care
T101949,C10299,2026-01-21,29.09,Books
T104044,C10613,2026-05-29,289.79,Groceries
T102848,C10435,2025-10-24,81.29,Home & Kitchen
T100001,C10001,2025-07-23,92.42,Groceries
T104337,C10662,2025-11-08,46.29,Groceries
T100935,C10141,2025-07-02,21.5,Home & Kitchen
T105622,C10856,2026-03-14,116.03,Clothing
T102720,C10419,2026-05-21,434.73,Books
T100591,C10080,2026-04-18,53.46,Clothing
T104923,C10762,2026-03-18,102.62,Groceries
T102936,C10453,2025-07-03,97.02,Groceries
T102448,C10375,2025-11-10,257.19,Groceries
T101576,C10248,2025-10-27,142.06,Clothing
T105482,C10842,2026-03-20,348.2,Electronics
T100213,C10027,2026-03-14,249.75,Home & Kitchen
T100778,C10115,2026-02-19,29.58,Home & Kitchen
T103496,C10536,2026-01-05,251.76,Home & Kitchen
T105149,C10788,2025-06-26,30.44,Beauty & Personal Care
T102043,C10311,2025-08-04,77.06,Groceries
T105958,C10903,2025-11-01,85.2,Groceries
T101567,C10248,2025-07-16,248.61,Books
T100165,C10025,2026-03-02,69.57,Clothing
T104702,C10728,2026-05-14,80.45,Clothing
T103566,C10552,2026-05-08,74.24,Books
T105023,C10772,2025-11-08,29.37,Electronics
T106254,C10952,2025-08-14,34.2,Groceries
T102013,C10309,2026-03-16,201.77,Clothing
T100273,C10032,2026-02-15,97.93,Groceries
T103860,C10589,2025-06-18,94.94,Electronics
T104167,C10635,2025-12-08,28.09,Groceries
T105238,C10800,2025-12-07,279.23,Electronics
T103788,C10577,2025-06-01,97.39,Clothing
T100394,C10051,2025-09-28,327.61,Beauty & Personal Care
T100583,C10079,2026-04-27,425.79,Beauty & Personal Care
T106562,C10998,2025-07-09,194.21,Beauty & Personal Care
T106095,C10922,2026-04-02,91.74,Clothing
T106291,C10957,2026-03-09,51.33,Books
T100520,C10070,2025-11-08,50.76,Groceries
T101763,C10272,2025-08-12,261.81,Electronics
T101875,C10287,2026-05-15,95.47,Clothing
T103965,C10604,2025-08-08,65.16,Clothing
T103344,C10514,2025-10-04,235.85,Groceries
T102253,C10340,2025-12-16,274.46,Home & Kitchen
T103224,C10494,2026-04-16,29.8,Groceries
T100526,C10071,2026-03-15,31.22,Home & Kitchen
T102946,C10456,2026-02-04,44.34,Groceries
T104473,C10691,2025-11-19,187.4,Home & Kitchen
T103899,C10595,2026-04-08,91.02,Electronics
T100692,C10103,2025-12-15,87.15,Clothing
T106216,C10944,2026-03-13,51.42,Groceries
T104444,C10688,2026-04-27,52.07,Clothing
T103633,C10558,2025-09-28,347.55,Electronics
T101050,C10157,2025-10-03,41.36,Home & Kitchen
T100590,C10080,2026-04-16,61.7,Clothing
T100519,C10070,2025-07-19,87.08,Clothing
T103380,C10521,2025-12-26,82.59,Clothing
T103676,C10563,2026-04-07,235.43,Home & Kitchen
T105411,C10827,2025-09-06,89.55,Groceries
T101607,C10250,2026-05-25,393.66,Groceries
T103610,C10557,2025-08-01,317.6,Clothing
T106455,C10981,2025-10-21,85.97,Beauty & Personal Care
T101809,C10279,2025-12-02,35.01,Clothing
T100791,C10119,2025-07-20,31.17,Clothing
T100792,C10120,2025-12-05,87.54,Groceries
T106215,C10944,2025-06-18,26.61,Clothing
T101855,C10285,2026-04-05,31.43,Home & Kitchen
T101980,C10302,2026-03-22,36.16,Groceries
T103233,C10495,2026-04-22,125.2,Electronics
T103598,C10556,2025-10-01,78.48,Electronics
T100933,C10140,2025-11-12,150.54,Clothing
T103963,C10604,2026-05-30,71.24,Electronics
T104877,C10754,2026-04-17,33.24,Electronics
T106105,C10923,2025-12-31,227.9,Groceries
T104179,C10637,2025-11-30,56.12,Groceries
T104026,C10612,2025-07-31,222.32,Books
T104116,C10625,2025-08-15,297.75,Clothing
T100988,C10149,2026-04-23,337.11,Groceries
T105061,C10776,2026-05-18,115.47,Beauty & Personal Care
T103453,C10531,2025-06-16,173.66,Electronics
T106000,C10910,2026-01-27,87.4,Beauty & Personal Care
T103778,C10576,2025-11-23,88.15,Clothing
T105510,C10847,2025-12-05,98.35,Clothing
T103093,C10475,2026-05-07,79.6,Electronics
T103155,C10484,2026-01-03,122.5,Home & Kitchen
T103201,C10489,2026-01-29,65.8,Clothing
T105296,C10810,2025-08-01,254.6,Groceries
T101098,C10163,2025-07-14,90.49,Electronics
T105455,C10836,2025-11-13,128.69,Electronics
T102844,C10435,2026-02-09,93.66,Groceries
T100886,C10133,2026-04-07,31.57,Clothing
T106493,C10986,2025-11-17,282.71,Electronics
T105090,C10777,2025-12-09,194.05,Groceries
T100515,C10069,2026-05-26,32.39,Electronics
T106301,C10959,2025-06-28,59.05,Electronics
T104833,C10749,2025-07-08,37.02,Groceries
T101453,C10227,2026-02-07,91.35,Beauty & Personal Care
T103553,C10551,2026-03-22,54.87,Electronics
T103609,C10557,2025-12-20,295.14,Books
T104665,C10718,2025-07-18,24.76,Home & Kitchen
T102506,C10383,2026-01-24,466.6,Clothing
T102994,C10463,2025-07-27,33.97,Electronics
T103999,C10608,2025-06-27,31.18,Clothing
T106233,C10948,2025-09-18,13.35,Electronics
T100906,C10138,2025-12-27,69.97,Electronics
T100028,C10009,2026-03-18,18.33,Beauty & Personal Care
T102507,C10383,2025-11-02,381.38,Home & Kitchen
T102428,C10374,2025-08-11,86.51,Beauty & Personal Care
T100762,C10111,2025-06-16,50.81,Home & Kitchen
T103747,C10573,2026-01-30,74.78,Home & Kitchen
T104811,C10745,2025-10-26,8.41,Clothing
T100284,C10033,2026-01-17,401.04,Clothing
T100686,C10101,2025-11-09,54.4,Books
T106075,C10921,2025-06-15,171.93,Clothing
T102353,C10357,2026-05-14,58.4,Clothing
T105281,C10808,2025-12-14,116.57,Clothing
T105642,C10858,2026-03-10,13.27,Books
T100021,C10007,2026-05-16,34.93,Groceries
T102752,C10423,2025-12-08,23.76,Electronics
T100885,C10132,2025-09-22,351.96,Clothing
T100917,C10140,2025-12-12,269.81,Beauty & Personal Care
T101040,C10152,2025-10-05,334.54,Groceries
T105206,C10797,2025-06-12,85.64,Groceries
T101265,C10201,2025-10-03,73.17,Home & Kitchen
T104579,C10702,2025-06-18,97.31,Groceries
T105684,C10863,2025-06-16,37.25,Groceries
T100277,C10033,2026-02-23,264.38,Books
T102084,C10321,2026-01-19,73.61,Electronics
T101245,C10193,2025-10-11,200.72,Electronics
T102382,C10363,2026-02-28,26.35,Clothing
T100571,C10079,2026-04-13,396.07,Home & Kitchen
T101435,C10225,2026-02-22,108.89,Home & Kitchen
T103902,C10595,2026-05-14,110.37,Books
T101247,C10194,2025-06-16,33.14,Clothing
T104681,C10723,2025-07-11,95.21,Clothing
T103526,C10544,2026-03-18,26.78,Groceries
T102514,C10384,2025-06-22,88.83,Electronics
T101007,C10150,2025-12-12,65.14,Clothing
T104770,C10739,2025-08-04,55.01,Books
T104543,C10699,2025-10-17,86.36,Beauty & Personal Care
T104941,C10764,2026-02-24,32.76,Home & Kitchen
T105689,C10865,2025-11-07,70.35,Clothing
T102064,C10316,2026-03-27,26.06,Electronics
T105335,C10814,2025-11-01,102.06,Clothing
T101690,C10263,2026-04-21,108.6,Groceries
T105668,C10860,2026-05-28,20.65,Electronics
T101985,C10303,2026-01-24,77.2,Groceries
T100294,C10033,2025-07-14,312.24,Clothing
T101547,C10241,2025-09-05,27.29,Electronics
T102012,C10309,2026-04-20,210.31,Groceries
T100588,C10080,2026-01-16,73.08,Groceries
T103329,C10514,2026-02-02,325.82,Clothing
T102403,C10368,2026-04-12,82.9,Clothing
T102129,C10326,2025-11-13,111.46,Groceries
T103998,C10608,2026-02-17,37.59,Clothing
T105749,C10873,2026-05-24,79.67,Electronics
T103741,C10572,2025-07-22,80.07,Electronics
T103508,C10537,2025-10-07,37.75,Clothing
T102719,C10419,2025-08-29,343.2,Beauty & Personal Care
T104521,C10696,2026-05-14,255.3,Beauty & Personal Care
T105983,C10907,2025-12-31,70.0,Home & Kitchen
T105990,C10908,2026-01-29,41.9,Electronics
T100556,C10076,2025-11-05,59.08,Electronics
T104795,C10743,2025-09-02,121.02,Groceries
T102469,C10376,2026-03-07,98.47,Home & Kitchen
T103738,C10572,2026-05-07,66.69,Clothing
T104286,C10652,2026-04-16,35.21,Books
T105406,C10827,2026-03-13,74.44,Groceries
T101716,C10266,2025-11-25,198.4,Clothing
T102604,C10400,2025-08-31,93.41,Books
T105417,C10829,2025-12-23,73.72,Home & Kitchen
T101704,C10264,2026-04-17,38.34,Groceries
T102139,C10327,2026-05-20,7.86,Beauty & Personal Care
T103239,C10496,2026-02-15,345.97,Clothing
T102383,C10364,2025-08-20,22.94,Clothing
T104311,C10658,2025-12-18,54.07,Beauty & Personal Care
T101285,C10203,2025-09-30,10.59,Clothing
T106261,C10954,2026-04-06,295.84,Home & Kitchen
T106058,C10920,2025-10-27,90.79,Home & Kitchen
T103930,C10600,2026-02-26,108.57,Groceries
T104965,C10768,2025-11-04,259.26,Clothing
T101591,C10249,2025-07-01,21.28,Books
T105816,C10882,2026-01-30,60.0,Books
T102162,C10328,2026-02-24,290.61,Electronics
T102396,C10368,2026-01-25,73.15,Home & Kitchen
T100317,C10038,2026-01-31,51.5,Electronics
T105896,C10895,2025-10-18,84.47,Groceries
T103111,C10479,2025-11-29,100.79,Clothing
T105244,C10800,2026-05-31,318.83,Books
T104036,C10612,2026-02-28,287.22,Beauty & Personal Care
T100795,C10120,2025-06-24,99.27,Electronics
T103020,C10467,2025-12-27,377.19,Groceries
T101711,C10265,2025-07-18,52.57,Clothing
T103387,C10521,2025-09-08,51.29,Clothing
T100036,C10011,2025-08-21,66.29,Groceries
T104549,C10700,2026-02-20,82.19,Electronics
T100913,C10140,2025-09-23,339.35,Beauty & Personal Care
T103972,C10604,2025-11-14,64.92,Groceries
T104133,C10626,2025-09-21,92.07,Groceries
T100974,C10147,2025-10-04,21.62,Home & Kitchen
T100983,C10149,2025-06-04,345.78,Clothing
T105362,C10820,2025-08-11,347.14,Books
T101418,C10223,2025-12-16,39.25,Beauty & Personal Care
T101560,C10245,2026-05-25,33.58,Electronics
T104135,C10627,2026-01-29,23.93,Books
T105233,C10800,2026-04-03,257.38,Home & Kitchen
T104265,C10647,2026-01-17,252.07,Books
T101355,C10214,2026-02-25,43.66,Beauty & Personal Care
T106236,C10948,2025-12-16,41.2,Home & Kitchen
T100987,C10149,2025-12-09,392.03,Electronics
T102682,C10413,2026-03-14,18.61,Groceries
T101640,C10256,2025-12-19,56.78,Clothing
T101290,C10205,2025-12-26,30.92,Electronics
T103681,C10563,2025-12-09,212.09,Home & Kitchen
T101380,C10216,2025-07-05,60.85,Clothing
T101933,C10298,2025-10-06,249.51,Beauty & Personal Care
T104675,C10723,2026-05-01,89.42,Clothing
T105526,C10848,2025-09-26,291.47,Groceries
T103160,C10484,2025-11-25,173.74,Clothing
T102030,C10309,2025-10-06,289.12,Electronics
T100892,C10135,2025-09-12,22.68,Home & Kitchen
T104876,C10753,2025-06-24,32.57,Clothing
T104069,C10616,2025-10-16,228.52,Clothing
T104255,C10647,2025-06-06,279.16,Home & Kitchen
T100002,C10001,2026-03-07,104.21,Electronics
T102109,C10325,2025-11-03,366.56,Electronics
T100849,C10129,2025-10-26,66.45,Clothing
T102737,C10421,2025-07-28,40.7,Groceries
T102466,C10376,2025-06-04,90.16,Home & Kitchen
T101914,C10294,2025-11-22,21.09,Books
T101596,C10250,2026-05-17,343.39,Beauty & Personal Care
T101913,C10293,2025-10-12,97.69,Electronics
T106193,C10941,2025-12-16,269.22,Beauty & Personal Care
T102736,C10421,2026-01-13,37.31,Clothing
T100726,C10107,2025-11-11,184.22,Groceries
T100053,C10013,2026-04-03,117.49,Clothing
T101796,C10277,2026-03-29,91.37,Groceries
T103845,C10586,2026-02-03,78.94,Books
T102553,C10390,2025-06-20,17.51,Groceries
T102800,C10431,2025-08-19,39.28,Home & Kitchen
T100936,C10141,2026-03-30,18.91,Beauty & Personal Care
T105505,C10846,2025-11-20,38.87,Books
T100824,C10125,2026-05-15,33.05,Groceries
T104321,C10659,2026-04-21,85.48,Groceries
T103401,C10522,2026-04-04,374.33,Groceries
T101389,C10216,2026-05-18,39.38,Clothing
T103564,C10552,2025-08-20,85.18,Clothing
T100884,C10132,2025-10-30,293.72,Clothing
T104867,C10751,2026-05-27,74.63,Electronics
T101868,C10286,2025-07-31,47.4,Home & Kitchen
T100010,C10004,2025-12-01,24.08,Beauty & Personal Care
T103415,C10524,2026-01-06,21.26,Beauty & Personal Care
T101463,C10229,2026-02-24,45.38,Beauty & Personal Care
T100806,C10121,2026-05-11,88.96,Electronics
T106378,C10966,2025-12-06,214.44,Groceries
T105159,C10792,2025-10-03,19.71,Books
T104068,C10616,2026-01-13,116.36,Clothing
T102108,C10325,2025-06-21,319.97,Groceries
T105544,C10849,2025-10-03,198.07,Clothing
T106524,C10994,2025-12-21,106.3,Groceries
T102234,C10337,2025-08-10,26.38,Clothing
T100963,C10145,2025-10-01,73.17,Home & Kitchen
T104494,C10692,2026-05-14,78.77,Clothing
T102632,C10404,2026-05-13,264.39,Beauty & Personal Care
T100704,C10104,2026-01-09,68.04,Clothing
T100431,C10056,2025-11-24,73.48,Books
T104388,C10672,2026-03-23,33.77,Electronics
T100145,C10022,2025-08-15,216.63,Clothing
T102033,C10310,2026-04-10,33.03,Beauty & Personal Care
T105558,C10850,2026-04-09,21.82,Home & Kitchen
T101165,C10179,2025-12-30,95.13,Clothing
T103500,C10536,2026-01-13,270.02,Clothing
T102050,C10312,2025-12-18,67.79,Electronics
T103760,C10575,2025-11-02,98.89,Beauty & Personal Care
T102624,C10404,2026-01-19,275.02,Electronics
T104484,C10691,2026-05-04,158.49,Books
T104435,C10686,2025-07-31,29.04,Books
T105228,C10800,2026-01-01,300.24,Books
T105087,C10777,2026-03-22,310.33,Groceries
T104361,C10668,2026-04-15,166.29,Electronics
T102424,C10373,2025-12-25,74.09,Electronics
T101262,C10200,2025-11-07,115.33,Clothing
T101771,C10272,2025-07-21,426.66,Electronics
T103511,C10538,2025-06-05,40.57,Groceries
T100271,C10032,2025-11-25,76.24,Home & Kitchen
T104792,C10743,2025-12-27,178.48,Groceries
T106553,C10998,2025-09-23,166.51,Clothing
T100244,C10029,2025-12-19,61.29,Home & Kitchen
T106380,C10967,2025-08-27,32.66,Groceries
T104572,C10701,2026-05-08,318.94,Electronics
T102032,C10309,2025-12-11,272.58,Clothing
T106057,C10919,2025-11-13,103.96,Clothing
T105186,C10795,2026-05-30,283.46,Clothing
T100813,C10122,2026-04-14,96.23,Groceries
T103810,C10580,2026-05-04,296.72,Books
T105330,C10814,2025-10-07,101.45,Groceries
T101804,C10278,2025-08-14,49.73,Groceries
T105579,C10852,2025-10-03,100.44,Home & Kitchen
T104346,C10666,2025-09-20,18.21,Electronics
T102461,C10376,2026-01-04,112.75,Groceries
T100545,C10075,2025-12-07,42.22,Clothing
T103241,C10496,2025-08-03,442.5,Clothing
T100738,C10107,2026-03-10,266.57,Electronics
T100310,C10036,2025-08-31,58.23,Clothing
T103521,C10542,2026-03-23,13.77,Beauty & Personal Care
T101131,C10169,2026-02-06,33.76,Clothing
T106478,C10984,2025-12-20,101.91,Home & Kitchen
T104111,C10623,2026-05-14,29.1,Clothing
T102769,C10425,2026-02-07,35.33,Electronics
T100920,C10140,2025-07-28,314.16,Electronics
T103587,C10555,2025-06-06,40.88,Groceries
T103959,C10603,2026-03-02,24.91,Beauty & Personal Care
T100038,C10011,2025-12-15,43.24,Clothing
T104459,C10690,2025-09-04,70.14,Clothing
T104278,C10649,2026-03-05,25.23,Clothing
T102983,C10462,2025-11-18,101.69,Groceries
T106567,C10998,2026-04-04,194.21,Groceries
T102667,C10411,2026-01-24,90.1,Groceries
T103223,C10494,2025-09-14,31.86,Beauty & Personal Care
T101182,C10181,2025-08-20,66.53,Clothing
T100614,C10085,2026-04-05,109.06,Beauty & Personal Care
T106459,C10982,2025-12-25,44.8,Electronics
T101466,C10229,2025-10-06,83.19,Electronics
T104497,C10692,2025-10-20,82.07,Clothing
T103042,C10468,2025-11-21,131.69,Beauty & Personal Care
T100934,C10140,2025-08-13,282.48,Books
T102419,C10373,2026-05-31,77.16,Home & Kitchen
T105085,C10777,2025-06-12,401.32,Clothing
T105928,C10898,2025-07-17,105.58,Electronics
T105318,C10812,2026-03-25,21.35,Home & Kitchen
T104822,C10747,2026-01-14,38.96,Home & Kitchen
T100826,C10125,2026-02-03,43.17,Electronics
T101521,C10236,2025-09-08,278.83,Home & Kitchen
T102930,C10452,2026-01-26,36.65,Clothing
T104232,C10644,2026-04-06,145.32,Home & Kitchen
T100628,C10088,2026-03-04,30.51,Beauty & Personal Care
T104430,C10683,2026-02-18,17.66,Clothing
T103853,C10588,2025-09-15,32.07,Books
T100390,C10050,2026-01-15,36.47,Home & Kitchen
T104345,C10665,2026-02-21,31.22,Home & Kitchen
T106412,C10972,2026-01-25,219.23,Groceries
T103990,C10606,2025-09-05,39.63,Books
T100400,C10051,2026-02-09,188.92,Books
T104806,C10744,2025-12-14,19.86,Clothing
T105302,C10810,2025-06-17,293.52,Clothing
T103359,C10516,2025-09-07,68.65,Clothing
T100046,C10013,2025-08-31,101.4,Home & Kitchen
T106309,C10961,2026-04-06,57.12,Home & Kitchen
T106483,C10985,2025-07-22,65.18,Electronics
T103642,C10558,2026-01-14,260.84,Groceries
T103726,C10571,2025-06-16,349.83,Home & Kitchen
T106384,C10969,2026-03-21,21.87,Groceries
T102421,C10373,2026-04-02,114.6,Home & Kitchen
T101750,C10271,2026-03-01,37.89,Clothing
T106358,C10966,2025-09-26,70.02,Electronics
T105379,C10822,2025-11-23,280.58,Clothing
T104062,C10616,2025-06-09,128.27,Home & Kitchen
T100338,C10042,2025-09-10,97.44,Clothing
T100215,C10028,2026-03-08,314.35,Clothing
T103663,C10562,2025-09-12,68.86,Clothing
T101341,C10213,2026-03-30,251.29,Electronics
T106008,C10912,2025-09-23,109.82,Groceries
T103894,C10594,2025-07-24,24.39,Groceries
T103640,C10558,2025-06-20,285.49,Clothing
T100329,C10039,2025-07-01,105.97,Groceries
T105162,C10793,2026-04-23,25.72,Beauty & Personal Care
T103004,C10466,2026-01-23,112.76,Electronics
T106282,C10954,2026-05-31,303.17,Home & Kitchen
T103115,C10480,2026-05-27,21.64,Clothing
T106361,C10966,2025-10-07,225.35,Electronics
T102322,C10351,2025-10-19,41.9,Clothing
T104197,C10640,2026-05-16,250.95,Clothing
T103549,C10549,2026-02-13,39.36,Groceries
T101458,C10227,2025-12-31,71.67,Groceries
T100171,C10026,2026-03-23,126.48,Electronics
T104203,C10640,2025-11-06,280.74,Home & Kitchen
T105498,C10844,2025-06-18,61.96,Beauty & Personal Care
T103569,C10553,2025-12-06,118.08,Electronics
T104226,C10644,2026-04-25,269.3,Home & Kitchen
T105356,C10818,2025-10-13,62.13,Home & Kitchen
T105410,C10827,2026-01-26,89.51,Groceries
T100938,C10141,2026-01-05,25.23,Home & Kitchen
T100060,C10015,2026-02-26,281.55,Beauty & Personal Care
T101240,C10193,2026-05-08,242.96,Groceries
T105136,C10785,2025-06-06,105.41,Home & Kitchen
T105487,C10843,2025-10-07,109.64,Electronics
T102120,C10325,2026-05-07,457.03,Clothing
T101524,C10236,2025-08-17,231.11,Electronics
T100153,C10024,2025-11-18,111.91,Groceries
T100481,C10060,2026-01-01,296.0,Home & Kitchen
T104460,C10690,2026-01-20,78.04,Electronics
T103920,C10600,2026-01-04,126.33,Groceries
T101762,C10272,2026-04-27,345.68,Beauty & Personal Care
T100750,C10109,2026-02-21,82.22,Beauty & Personal Care
T101785,C10274,2025-11-04,76.6,Home & Kitchen
T104501,C10693,2025-06-05,47.02,Home & Kitchen
T104853,C10750,2025-09-29,227.77,Groceries
T102711,C10419,2025-11-04,413.65,Electronics
T105304,C10810,2026-02-15,237.76,Electronics
T104193,C10639,2026-04-08,48.79,Groceries
T101333,C10213,2026-05-03,325.68,Clothing
T105845,C10889,2026-05-15,20.47,Home & Kitchen
T102854,C10436,2025-12-06,101.5,Electronics
T100186,C10027,2026-03-08,240.84,Beauty & Personal Care
T101136,C10171,2025-12-30,49.86,Groceries
T102058,C10313,2026-05-15,102.97,Books
T105500,C10845,2025-11-24,33.03,Electronics
T100148,C10023,2026-05-08,44.58,Electronics
T104124,C10625,2026-01-04,325.27,Home & Kitchen
T104889,C10757,2026-02-25,266.95,Electronics
T103363,C10519,2026-02-08,88.48,Books
T104788,C10743,2025-11-20,79.7,Home & Kitchen
T102866,C10438,2026-04-26,41.3,Books
T103776,C10576,2026-03-22,100.37,Groceries
T101386,C10216,2025-12-10,70.21,Electronics
T106213,C10944,2025-12-06,31.66,Groceries
T105433,C10832,2025-06-14,63.0,Electronics
T103629,C10558,2026-03-27,278.7,Clothing
T105911,C10895,2026-03-10,158.7,Electronics
T104797,C10743,2026-02-16,86.75,Electronics
T103028,C10467,2025-12-21,291.69,Groceries
T102969,C10458,2025-08-14,343.89,Clothing
T105706,C10867,2025-07-20,211.08,Beauty & Personal Care
T101708,C10265,2026-02-22,52.38,Electronics
T102953,C10458,2026-03-25,406.44,Books
T100454,C10058,2025-12-05,248.83,Home & Kitchen
T100609,C10085,2026-04-28,94.81,Clothing
T104263,C10647,2026-05-12,212.8,Clothing
T104826,C10748,2025-07-15,106.35,Beauty & Personal Care
T105567,C10851,2025-07-16,112.89,Books
T102074,C10318,2026-01-11,36.08,Groceries
T104052,C10614,2025-10-06,36.57,Books
T105781,C10878,2026-03-12,46.24,Beauty & Personal Care
T101622,C10252,2026-02-11,43.63,Clothing
T104683,C10724,2025-12-08,20.65,Groceries
T105751,C10873,2025-09-04,75.82,Beauty & Personal Care
T100040,C10011,2026-03-11,74.24,Beauty & Personal Care
T102089,C10322,2026-03-03,91.03,Beauty & Personal Care
T103924,C10600,2026-05-24,94.56,Electronics
T102175,C10329,2025-08-09,139.61,Home & Kitchen
T100074,C10015,2025-11-17,174.52,Electronics
T105252,C10802,2025-07-06,57.69,Electronics
T106491,C10986,2026-03-20,204.2,Electronics
T102657,C10407,2026-03-21,68.54,Beauty & Personal Care
T103180,C10486,2026-02-13,25.13,Electronics
T102076,C10318,2025-12-01,42.24,Groceries
T100441,C10057,2026-02-10,42.16,Beauty & Personal Care
T102051,C10312,2026-01-27,42.4,Electronics
T102541,C10387,2025-07-08,70.51,Clothing
T101301,C10209,2025-08-11,23.02,Electronics
T103430,C10528,2026-05-03,32.86,Groceries
T101304,C10209,2025-12-23,20.74,Clothing
T100236,C10028,2025-10-31,175.15,Groceries
T105472,C10841,2025-09-23,13.58,Electronics
T102599,C10398,2025-08-26,61.92,Groceries
T104616,C10707,2025-10-25,32.06,Clothing
T102573,C10394,2025-07-03,29.43,Groceries
T103280,C10502,2026-01-18,10.75,Books
T103186,C10488,2026-05-28,85.83,Electronics
T103953,C10602,2026-02-07,282.67,Electronics
T102768,C10425,2025-12-13,33.73,Clothing
T104831,C10748,2025-11-15,87.28,Electronics
T104223,C10644,2025-07-08,234.79,Clothing
T102106,C10325,2026-05-29,291.37,Electronics
T102679,C10412,2026-05-12,77.9,Clothing
T102761,C10424,2026-01-30,86.16,Books
T104688,C10725,2026-03-29,87.02,Clothing
T101387,C10216,2026-02-01,74.11,Groceries
T106219,C10944,2026-05-07,71.78,Clothing
T105945,C10901,2025-09-20,73.8,Clothing
T106347,C10965,2025-12-02,103.39,Clothing
T105000,C10770,2025-09-18,273.97,Groceries
T101279,C10202,2025-09-27,51.6,Beauty & Personal Care
T105861,C10891,2026-01-15,119.58,Home & Kitchen
T106446,C10979,2026-02-03,19.14,Groceries
T101555,C10243,2025-06-25,91.15,Groceries
T105940,C10901,2025-11-12,41.48,Groceries
T103190,C10488,2025-07-23,97.63,Beauty & Personal Care
T104566,C10701,2026-01-08,321.12,Electronics
T104802,C10743,2026-03-29,114.44,Clothing
T106165,C10935,2025-07-20,28.2,Books
T104841,C10750,2025-09-21,224.11,Groceries
T103594,C10556,2025-11-05,92.33,Clothing
T101920,C10295,2026-03-28,72.88,Beauty & Personal Care
T100513,C10068,2026-03-27,12.43,Home & Kitchen
T104177,C10637,2025-11-09,65.87,Electronics
T101308,C10210,2026-04-27,101.23,Clothing
T100914,C10140,2025-06-12,255.72,Books
T103452,C10531,2025-12-02,195.3,Electronics
T103695,C10566,2026-05-15,264.13,Electronics
T104242,C10645,2026-05-17,252.15,Clothing
T103156,C10484,2026-03-11,142.19,Electronics
T102198,C10334,2026-02-25,82.08,Electronics
T100774,C10113,2026-01-17,33.56,Clothing
T104425,C10681,2026-03-30,19.55,Groceries
T100943,C10143,2025-09-24,37.14,Clothing
T100822,C10124,2025-11-08,56.44,Books
T105005,C10770,2025-06-03,231.44,Home & Kitchen
T104277,C10648,2026-04-29,31.15,Books
T100164,C10025,2026-02-16,77.83,Clothing
T104547,C10700,2026-03-27,84.8,Groceries
T103983,C10605,2025-10-05,63.26,Groceries
T102538,C10387,2025-10-20,70.7,Groceries
T106274,C10954,2025-11-19,237.01,Home & Kitchen
T101311,C10211,2026-03-21,232.81,Clothing
T105207,C10797,2025-10-24,60.65,Home & Kitchen
T105972,C10904,2025-08-17,88.11,Home & Kitchen
T105474,C10842,2026-03-02,335.57,Clothing
T106100,C10923,2025-12-13,145.37,Groceries
T103300,C10504,2026-02-28,88.74,Electronics
T103310,C10509,2025-12-17,14.53,Electronics
T100327,C10039,2026-03-29,108.42,Books
T102490,C10380,2026-02-04,53.48,Electronics
T106158,C10934,2026-04-26,82.77,Home & Kitchen
T104408,C10677,2025-11-03,21.03,Electronics
T100832,C10127,2025-12-20,18.61,Beauty & Personal Care
T103079,C10473,2026-01-18,31.58,Clothing
T103462,C10531,2025-07-27,209.52,Clothing
T105752,C10873,2026-05-31,115.18,Clothing
T100054,C10013,2025-06-10,123.78,Electronics
T104064,C10616,2026-05-19,126.23,Clothing
T103451,C10531,2026-04-20,138.93,Home & Kitchen
T101901,C10291,2025-09-27,83.41,Groceries
T101481,C10230,2025-09-14,252.87,Clothing
T104873,C10753,2026-01-04,40.44,Clothing
T104895,C10757,2025-08-03,234.66,Beauty & Personal Care
T104150,C10630,2025-12-31,18.94,Electronics
T103335,C10514,2026-03-16,216.97,Electronics
T104926,C10762,2025-11-20,74.68,Beauty & Personal Care
T100946,C10144,2025-08-08,82.0,Clothing
T103293,C10504,2025-08-03,88.73,Groceries
T102161,C10328,2025-12-13,278.03,Electronics
T106368,C10966,2025-07-18,128.07,Groceries
T105083,C10777,2025-11-04,231.62,Electronics
T105561,C10851,2025-10-09,102.12,Electronics
T103057,C10471,2025-11-30,180.33,Books
T100768,C10112,2025-09-13,79.11,Clothing
T106180,C10939,2025-06-14,123.08,Clothing
T103495,C10536,2026-02-18,307.74,Groceries
T100285,C10033,2026-01-24,196.78,Home & Kitchen
T106502,C10988,2026-02-10,21.91,Groceries
T104524,C10696,2025-12-31,260.59,Home & Kitchen
T105840,C10887,2026-03-05,33.24,Groceries
T102332,C10354,2025-09-28,22.19,Groceries
T102717,C10419,2025-08-22,381.29,Groceries
T102079,C10320,2025-11-13,18.44,Groceries
T103389,C10522,2026-01-03,352.79,Books
T100722,C10106,2025-10-25,52.1,Groceries
T100951,C10144,2025-09-06,110.17,Electronics
T105721,C10867,2026-05-04,248.5,Home & Kitchen
T102262,C10340,2026-01-21,336.85,Beauty & Personal Care
T100989,C10149,2026-04-12,349.51,Books
T103212,C10493,2025-06-19,78.7,Groceries
T101759,C10272,2026-03-08,407.65,Books
T105961,C10903,2025-08-27,123.46,Electronics
T104422,C10679,2025-09-14,107.05,Groceries
T101724,C10266,2025-12-09,135.03,Home & Kitchen
T105182,C10795,2026-05-03,291.87,Electronics
T100341,C10042,2025-08-12,94.9,Electronics
T103701,C10566,2026-03-28,352.51,Books
T104243,C10645,2025-10-08,316.58,Groceries
T100688,C10102,2025-11-30,26.15,Beauty & Personal Care
T103432,C10530,2025-11-22,104.95,Electronics
T105203,C10797,2026-04-16,79.8,Home & Kitchen
T104944,C10766,2026-04-11,107.57,Beauty & Personal Care
T100966,C10145,2025-11-05,52.39,Clothing
T106208,C10943,2025-07-30,194.67,Electronics
T102203,C10335,2026-05-06,28.34,Beauty & Personal Care
T102713,C10419,2025-12-08,267.06,Books
T104757,C10735,2025-09-23,91.94,Home & Kitchen
T105098,C10777,2025-08-25,246.74,Books
T105782,C10878,2025-09-11,63.37,Electronics
T106010,C10912,2026-04-14,91.83,Home & Kitchen
T105280,C10808,2026-04-08,97.07,Clothing
T103572,C10553,2025-08-24,109.34,Clothing
T104805,C10743,2026-03-16,104.42,Home & Kitchen
T105299,C10810,2025-06-07,264.57,Beauty & Personal Care
T101990,C10303,2025-07-07,81.51,Electronics
T104120,C10625,2025-10-21,279.5,Electronics
T104759,C10735,2026-01-01,83.56,Home & Kitchen
T106239,C10949,2025-07-05,95.43,Home & Kitchen
T105298,C10810,2026-03-19,285.44,Books
T105736,C10872,2025-10-26,77.04,Groceries
T104971,C10768,2025-10-13,267.0,Home & Kitchen
T106230,C10948,2026-02-27,55.04,Electronics
T105034,C10774,2026-01-14,274.9,Electronics
T103600,C10557,2026-05-15,274.7,Groceries
T105995,C10910,2025-11-12,106.68,Groceries
T106551,C10997,2025-12-31,22.12,Books
T105412,C10827,2026-05-17,85.95,Clothing
T100385,C10049,2025-08-09,302.38,Beauty & Personal Care
T106372,C10966,2025-08-25,225.06,Clothing
T105997,C10910,2025-09-26,85.85,Groceries
T100536,C10074,2026-04-08,85.53,Books
T106130,C10927,2025-06-25,88.07,Clothing
T105032,C10774,2026-02-12,275.66,Electronics
T104212,C10643,2026-04-14,31.02,Books
T103507,C10536,2025-12-02,207.93,Electronics
T100201,C10027,2026-04-09,245.22,Beauty & Personal Care
T101332,C10213,2025-08-21,240.47,Electronics
T103502,C10536,2025-07-13,213.24,Clothing
T102708,C10419,2026-05-07,319.46,Groceries
T105031,C10774,2025-07-04,301.83,Electronics
T104662,C10717,2026-03-09,42.8,Electronics
T104021,C10612,2025-08-18,190.19,Electronics
T101854,C10284,2026-02-28,295.38,Home & Kitchen
T105870,C10892,2025-10-06,65.38,Books
T102872,C10441,2026-05-14,16.04,Clothing
T103030,C10467,2026-01-03,192.76,Groceries
T101205,C10187,2025-07-22,77.01,Electronics
T101645,C10256,2026-01-17,62.84,Home & Kitchen
T103417,C10525,2026-01-19,92.17,Home & Kitchen
T103476,C10534,2025-07-12,119.93,Groceries
T102861,C10438,2026-04-01,61.14,Beauty & Personal Care
T101792,C10277,2026-03-10,93.75,Clothing
T103797,C10579,2025-08-14,103.41,Groceries
T103368,C10519,2026-02-08,114.81,Electronics
T103367,C10519,2025-10-21,111.47,Home & Kitchen
T103533,C10545,2025-07-26,283.72,Clothing
T106306,C10961,2026-04-16,44.53,Groceries
T105109,C10779,2025-10-04,17.82,Electronics
T103449,C10531,2026-03-12,181.01,Electronics
T100603,C10083,2025-11-23,97.32,Books
T103056,C10471,2026-02-09,142.33,Electronics
T105711,C10867,2026-01-14,110.58,Electronics
T100126,C10020,2026-05-01,212.62,Home & Kitchen
T103876,C10591,2026-01-03,332.74,Electronics
T102935,C10453,2026-01-09,128.17,Clothing
T104451,C10688,2025-12-25,73.65,Clothing
T103531,C10545,2025-12-18,438.56,Electronics
T102730,C10420,2026-02-11,127.14,Groceries
T100827,C10126,2025-10-31,19.13,Groceries
T101639,C10256,2025-08-01,40.4,Books
T100984,C10149,2026-04-19,347.98,Clothing
T103281,C10503,2026-04-07,100.52,Electronics
T106542,C10996,2026-02-14,43.97,Clothing
T102188,C10332,2025-06-28,16.22,Clothing
T106052,C10918,2025-06-29,64.84,Groceries
T102443,C10375,2025-06-01,330.87,Groceries
T100362,C10046,2025-12-23,79.51,Beauty & Personal Care
T102349,C10357,2026-01-23,73.01,Groceries
T100345,C10044,2026-02-08,31.17,Clothing
T100814,C10122,2025-12-12,108.76,Electronics
T104807,C10744,2025-08-31,26.82,Books
T103205,C10490,2025-09-25,22.43,Electronics
T105454,C10836,2025-10-19,122.33,Groceries
T106304,C10960,2026-05-18,9.09,Clothing
T103325,C10513,2026-03-03,75.4,Books
T104106,C10622,2025-10-23,75.1,Clothing
T102116,C10325,2026-03-13,324.97,Groceries
T101834,C10283,2025-08-25,81.33,Clothing
T100793,C10120,2025-09-10,64.32,Groceries
T106511,C10990,2025-06-19,88.31,Electronics
T102674,C10412,2026-04-10,66.73,Home & Kitchen
T100094,C10016,2025-09-30,151.91,Electronics
T104225,C10644,2025-11-26,201.86,Home & Kitchen
T103756,C10575,2026-05-31,95.61,Electronics
T102891,C10444,2025-12-18,71.12,Clothing
T102371,C10361,2025-07-21,53.19,Beauty & Personal Care
T105439,C10833,2025-08-29,32.41,Home & Kitchen
T105817,C10882,2026-04-27,74.86,Clothing
T103228,C10495,2026-03-03,108.21,Clothing
T106178,C10939,2025-11-27,132.49,Books
T102853,C10436,2026-01-30,86.54,Books
T106083,C10921,2026-05-12,217.17,Clothing
T102912,C10448,2026-02-10,55.03,Home & Kitchen
T101865,C10286,2026-03-06,38.83,Clothing
T104612,C10706,2025-06-16,77.96,Books
T101857,C10285,2026-05-14,33.53,Groceries
T102645,C10405,2025-10-22,14.89,Electronics
T102243,C10339,2025-10-19,16.28,Electronics
T105373,C10821,2026-03-31,19.47,Home & Kitchen
T102336,C10355,2025-11-18,105.48,Clothing
T100950,C10144,2025-07-18,101.27,Home & Kitchen
T103068,C10471,2026-03-20,181.38,Electronics
T101120,C10167,2025-12-16,101.22,Groceries
T102597,C10398,2025-07-03,72.46,Electronics
T102204,C10335,2026-05-04,30.03,Clothing
T100419,C10054,2025-06-24,245.83,Clothing
T100922,C10140,2025-06-09,267.13,Clothing
T101254,C10198,2025-06-19,48.75,Home & Kitchen
T100477,C10060,2025-09-29,359.34,Beauty & Personal Care
T102035,C10311,2025-07-06,116.17,Electronics
T106048,C10918,2026-03-08,50.11,Beauty & Personal Care
T101202,C10187,2025-08-17,78.24,Books
T102626,C10404,2025-08-30,324.7,Electronics
T106480,C10984,2025-09-29,115.97,Clothing
T101970,C10301,2025-11-01,344.37,Clothing
T103110,C10479,2026-03-19,87.61,Beauty & Personal Care
T104018,C10611,2025-07-21,56.53,Electronics
T102151,C10328,2025-07-19,348.77,Home & Kitchen
T103687,C10564,2026-01-10,22.15,Books
T104916,C10760,2025-12-21,93.08,Groceries
T101997,C10305,2026-05-05,23.01,Clothing
T104033,C10612,2026-03-17,119.42,Electronics
T106450,C10981,2026-03-08,96.94,Beauty & Personal Care
T103054,C10471,2025-10-12,256.86,Electronics
T101248,C10194,2026-01-06,38.16,Clothing
T102192,C10333,2025-06-12,132.49,Clothing
T102712,C10419,2025-10-12,362.02,Clothing
T100992,C10149,2025-12-28,335.8,Electronics
T102190,C10333,2026-05-22,78.15,Beauty & Personal Care
T104670,C10721,2025-12-21,28.75,Home & Kitchen
T105142,C10785,2026-01-29,113.72,Groceries
T103762,C10576,2026-02-02,151.28,Groceries
T103597,C10556,2025-10-06,88.54,Clothing
T104711,C10729,2026-03-20,277.69,Clothing
T101318,C10211,2026-04-12,161.44,Clothing
T101863,C10286,2026-01-31,37.54,Groceries
T102343,C10356,2026-04-12,34.1,Books
T102449,C10375,2025-12-25,261.85,Clothing
T102136,C10326,2026-04-02,102.22,Electronics
T101065,C10158,2025-08-09,216.84,Clothing
T106528,C10994,2025-11-09,89.79,Books
T104227,C10644,2026-01-25,196.85,Electronics
T102621,C10404,2025-12-04,293.98,Clothing
T100077,C10015,2025-08-07,290.56,Groceries
T102898,C10445,2026-04-17,82.7,Clothing
T104820,C10747,2025-10-23,49.27,Books
T101314,C10211,2025-08-28,192.44,Clothing
T106296,C10959,2026-04-18,66.73,Books
T100872,C10132,2025-10-06,190.65,Electronics
T103850,C10587,2026-03-12,61.64,Beauty & Personal Care
T105468,C10839,2025-06-15,92.29,Groceries
T106290,C10956,2025-08-14,25.04,Clothing
T102965,C10458,2025-12-09,317.44,Groceries
T103391,C10522,2025-11-16,305.7,Clothing
T105415,C10828,2026-03-22,44.9,Clothing
T102560,C10392,2025-12-01,13.57,Clothing
T106441,C10978,2025-08-08,56.71,Electronics
T102635,C10404,2025-09-30,308.1,Groceries
T105256,C10802,2025-07-07,58.5,Groceries
T103530,C10545,2025-12-13,420.55,Clothing
T100375,C10049,2025-09-24,256.49,Books
T101908,C10293,2026-03-14,72.27,Books
T104429,C10683,2026-01-18,24.15,Beauty & Personal Care
T105679,C10861,2026-05-15,270.65,Home & Kitchen
T106403,C10972,2025-11-09,334.63,Home & Kitchen
T104027,C10612,2025-07-05,248.39,Home & Kitchen
T101604,C10250,2025-09-23,288.29,Books
T101118,C10167,2026-02-06,87.66,Home & Kitchen
T103677,C10563,2025-11-18,224.25,Electronics
T103490,C10536,2025-12-09,194.63,Clothing
T106554,C10998,2025-11-01,189.85,Beauty & Personal Care
T102958,C10458,2026-03-27,387.17,Groceries
T101994,C10304,2025-12-03,38.07,Groceries
T106523,C10993,2025-10-08,44.27,Clothing
T105704,C10867,2026-02-11,145.23,Electronics
T102376,C10362,2026-04-01,44.85,Beauty & Personal Care
T101342,C10213,2026-05-25,272.99,Clothing
T100320,C10038,2026-05-18,57.61,Electronics
T101619,C10251,2026-03-09,49.85,Groceries
T103713,C10567,2025-12-21,32.24,Groceries
T106013,C10912,2025-11-08,109.13,Groceries
T102060,C10313,2025-06-22,111.8,Groceries
T102219,C10336,2026-02-12,333.2,Clothing
T101673,C10259,2026-05-12,152.05,Groceries
T100260,C10031,2025-10-10,237.18,Groceries
T105846,C10889,2025-08-19,37.84,Groceries
T102039,C10311,2026-02-07,48.24,Electronics
T104785,C10743,2026-05-23,168.94,Home & Kitchen
T100901,C10138,2026-01-03,84.47,Clothing
T103744,C10572,2025-08-02,57.32,Beauty & Personal Care
T102026,C10309,2026-04-02,338.79,Clothing
T104234,C10644,2025-07-29,97.71,Clothing
T101917,C10295,2026-03-16,93.25,Home & Kitchen
T101828,C10283,2025-08-22,89.03,Groceries
T101573,C10248,2025-10-30,154.99,Clothing
T104415,C10679,2026-01-31,97.35,Groceries
T104749,C10732,2025-10-29,25.54,Groceries
T105760,C10875,2025-08-12,16.49,Home & Kitchen
T104654,C10716,2025-11-03,113.8,Groceries
T104208,C10641,2026-01-22,16.09,Clothing
T104627,C10708,2026-03-20,87.84,Beauty & Personal Care
T100224,C10028,2025-11-11,252.81,Beauty & Personal Care
T100723,C10107,2025-07-08,220.46,Home & Kitchen
T105891,C10895,2025-06-13,198.81,Home & Kitchen
T101141,C10173,2025-07-28,26.92,Home & Kitchen
T105529,C10848,2025-08-24,230.04,Groceries
T105554,C10849,2025-11-15,213.16,Electronics
T106238,C10949,2026-02-17,78.69,Electronics
T102762,C10424,2026-02-24,111.65,Books
T100846,C10128,2025-08-10,229.64,Electronics
T104289,C10652,2025-06-17,40.53,Groceries
T105560,C10851,2025-06-21,86.83,Clothing
T105042,C10774,2026-01-24,230.59,Electronics
T102551,C10390,2026-02-10,6.16,Electronics
T102928,C10451,2026-03-08,28.89,Electronics
T100117,C10018,2025-12-20,15.28,Electronics
T100645,C10093,2025-10-24,30.27,Electronics
T100003,C10001,2026-01-03,117.34,Electronics
T104170,C10636,2025-10-23,25.38,Electronics
T100467,C10060,2025-09-28,381.66,Home & Kitchen
T100005,C10002,2026-04-29,30.67,Groceries
T105342,C10815,2025-07-04,11.38,Groceries
T100919,C10140,2025-08-19,270.18,Clothing
T102595,C10398,2025-09-18,35.59,Groceries
T104324,C10661,2026-05-04,84.79,Electronics
T101063,C10158,2026-01-07,185.84,Beauty & Personal Care
T102590,C10396,2025-07-03,124.97,Beauty & Personal Care
T100242,C10029,2026-01-26,86.87,Books
T105712,C10867,2025-06-20,205.23,Books
T101160,C10178,2025-08-04,20.64,Groceries
T102870,C10439,2025-09-27,41.44,Groceries
T103735,C10571,2026-01-29,318.89,Groceries
T102397,C10368,2025-07-18,71.92,Beauty & Personal Care
T103517,C10541,2026-01-23,38.8,Clothing
T103421,C10525,2025-09-08,87.9,Books
T102563,C10393,2025-11-22,85.91,Electronics
T101605,C10250,2026-05-09,264.76,Beauty & Personal Care
T106343,C10964,2026-01-27,83.92,Books
T102324,C10352,2026-03-20,35.85,Groceries
T102709,C10419,2026-03-08,415.2,Clothing
T105766,C10876,2025-06-06,115.81,Clothing
T101312,C10211,2025-12-20,261.43,Home & Kitchen
T103448,C10531,2025-07-08,182.3,Clothing
T103812,C10580,2026-03-08,303.59,Clothing
T106113,C10924,2026-03-24,24.29,Groceries
T102362,C10360,2025-12-08,38.41,Home & Kitchen
T101975,C10301,2026-04-19,295.27,Electronics
T103514,C10539,2025-06-07,40.67,Home & Kitchen
T101761,C10272,2025-11-24,379.01,Clothing
T105401,C10826,2026-03-17,36.96,Clothing
T102739,C10422,2025-12-23,331.52,Groceries
T106121,C10925,2025-06-23,56.01,Groceries
T102472,C10377,2025-07-11,45.0,Electronics
T104007,C10610,2025-07-28,57.67,Electronics
T104718,C10729,2025-08-31,284.21,Clothing
T101493,C10230,2026-04-16,280.73,Clothing
T104206,C10640,2025-10-30,353.93,Electronics
T102158,C10328,2025-09-25,329.78,Groceries
T101169,C10179,2025-12-06,71.33,Home & Kitchen
T105932,C10898,2026-02-27,89.4,Electronics
T100232,C10028,2026-03-27,278.68,Books
T100066,C10015,2026-01-11,301.91,Beauty & Personal Care
T101603,C10250,2026-03-23,272.47,Groceries
T103283,C10503,2026-01-22,113.21,Groceries
T103596,C10556,2025-12-11,58.84,Groceries
T104632,C10711,2026-03-04,18.48,Clothing
T100125,C10020,2026-04-10,371.67,Books
T105350,C10817,2025-09-07,21.16,Groceries
T101296,C10207,2026-05-31,24.05,Clothing
T101976,C10301,2025-11-19,370.9,Clothing
T105933,C10898,2025-09-10,53.15,Groceries
T105886,C10894,2025-07-13,40.16,Clothing
T102075,C10318,2025-06-11,37.59,Groceries
T104580,C10702,2026-05-03,87.97,Groceries
T106209,C10943,2025-08-11,164.85,Electronics
T103086,C10474,2025-12-22,61.83,Electronics
T105693,C10865,2025-09-11,57.17,Clothing
T103345,C10514,2025-11-12,365.5,Clothing
T105865,C10892,2026-02-28,65.91,Books
T102797,C10430,2025-08-13,125.78,Electronics
T100918,C10140,2025-10-05,238.16,Home & Kitchen
T101646,C10256,2026-03-29,53.61,Books
T105122,C10781,2026-04-08,29.74,Electronics
T105126,C10783,2026-01-09,75.89,Electronics
T104978,C10768,2025-06-02,290.53,Groceries
T105431,C10832,2025-09-28,58.92,Books
T104621,C10708,2025-06-03,124.72,Clothing
T100364,C10046,2025-07-16,91.49,Clothing
T103287,C10503,2025-12-27,96.89,Clothing
T102125,C10325,2026-04-04,363.75,Clothing
T104123,C10625,2025-11-28,320.26,Clothing
T104569,C10701,2026-02-17,279.2,Groceries
T100525,C10071,2026-03-12,30.33,Electronics
T104821,C10747,2026-03-20,48.88,Clothing
T100055,C10014,2025-10-02,26.84,Beauty & Personal Care
T100638,C10091,2026-03-20,35.67,Books
T100302,C10035,2026-01-19,29.29,Clothing
T102766,C10424,2026-04-24,97.72,Books
T101276,C10202,2025-07-01,91.03,Books
T104720,C10729,2026-01-25,298.42,Electronics
T102055,C10313,2025-06-18,86.75,Electronics
T105376,C10822,2025-10-22,437.03,Books
T105145,C10786,2026-05-12,45.04,Electronics
T104432,C10684,2026-03-23,36.72,Groceries
T103644,C10558,2025-11-10,269.79,Groceries
T104143,C10628,2026-05-23,348.74,Groceries
T102878,C10443,2025-06-17,72.0,Books
T104202,C10640,2025-06-08,279.95,Electronics
T105175,C10794,2026-01-29,314.25,Clothing
T102286,C10346,2026-05-28,114.7,Clothing
T102261,C10340,2026-02-06,295.28,Groceries
T105240,C10800,2026-05-01,265.13,Clothing
T102296,C10348,2025-08-07,74.76,Books
T101753,C10271,2026-04-21,50.98,Electronics
T105197,C10796,2025-06-17,72.66,Groceries
T101968,C10301,2026-04-19,304.95,Home & Kitchen
T105700,C10867,2025-06-15,161.12,Beauty & Personal Care
T103117,C10481,2025-10-14,76.09,Clothing
T102393,C10368,2025-09-10,77.23,Groceries
T100523,C10070,2025-07-05,84.36,Electronics
T105524,C10848,2026-02-27,192.72,Home & Kitchen
T103900,C10595,2025-06-25,76.99,Electronics
T106126,C10925,2025-09-05,71.37,Clothing
T104699,C10728,2026-01-05,63.42,Groceries
T105585,C10853,2026-04-05,230.33,Electronics
T106344,C10964,2026-05-18,86.87,Books
T103122,C10481,2026-03-01,94.8,Electronics
T104156,C10633,2026-01-19,88.1,Home & Kitchen
T101969,C10301,2025-11-09,371.38,Groceries
T100671,C10097,2025-10-02,25.57,Home & Kitchen
T104188,C10639,2025-07-18,78.93,Books
T100666,C10097,2026-02-11,52.85,Home & Kitchen
T106353,C10965,2025-10-12,95.32,Home & Kitchen
T101887,C10289,2025-12-17,62.38,Books
T103266,C10499,2025-07-31,78.17,Groceries
T100280,C10033,2026-01-25,300.06,Clothing
T101719,C10266,2025-06-21,160.02,Groceries
T102947,C10457,2025-10-31,9.46,Beauty & Personal Care
T104455,C10689,2025-10-26,37.62,Groceries
T100899,C10138,2025-06-02,78.11,Groceries
T106559,C10998,2025-06-21,273.98,Clothing
T100760,C10110,2026-04-25,48.88,Groceries
T101906,C10293,2026-05-27,66.62,Electronics
T104042,C10613,2025-06-05,162.38,Beauty & Personal Care
T103823,C10583,2025-06-05,96.86,Clothing
T104138,C10628,2025-08-13,377.72,Beauty & Personal Care
T103818,C10582,2026-05-30,95.02,Clothing
T104300,C10654,2025-06-03,39.27,Books
T105569,C10851,2025-12-03,87.54,Clothing
T102593,C10397,2026-05-14,33.14,Clothing
T104164,C10634,2026-03-14,42.17,Groceries
T103031,C10467,2025-10-10,284.27,Electronics
T103579,C10554,2026-01-24,56.88,Home & Kitchen
T102832,C10434,2025-09-07,349.79,Books
T105449,C10836,2026-01-09,86.59,Books
T103472,C10534,2025-06-28,106.04,Groceries
T100137,C10022,2025-08-06,161.43,Groceries
T104892,C10757,2025-11-02,206.68,Electronics
T102180,C10330,2026-03-22,80.82,Electronics
T102128,C10326,2026-01-07,111.42,Beauty & Personal Care
T103177,C10484,2025-07-22,178.99,Groceries
T104854,C10750,2026-02-03,279.41,Home & Kitchen
T104637,C10713,2025-06-30,20.87,Home & Kitchen
T105115,C10780,2025-07-20,58.09,Clothing
T105722,C10867,2025-12-17,124.04,Groceries
T104261,C10647,2026-02-11,213.05,Beauty & Personal Care
T104344,C10664,2025-10-09,47.22,Books
T101331,C10213,2026-03-27,312.08,Books
T102017,C10309,2025-07-16,148.57,Clothing
T104542,C10699,2025-06-28,68.0,Electronics
T102482,C10379,2025-11-17,42.18,Clothing
T101358,C10215,2025-08-09,197.4,Books
T101329,C10213,2025-10-22,281.14,Electronics
T106481,C10985,2026-04-03,39.75,Clothing
T102150,C10328,2026-05-20,256.91,Groceries
T104530,C10696,2026-02-25,209.98,Clothing
T102122,C10325,2025-09-01,335.43,Home & Kitchen
T104673,C10723,2025-11-02,88.03,Books
T103981,C10605,2025-10-27,104.72,Clothing
T101252,C10197,2025-06-07,6.35,Clothing
T103278,C10502,2025-06-23,15.46,Clothing
T103374,C10520,2025-10-19,28.68,Electronics
T102814,C10433,2026-02-03,386.51,Groceries
T104719,C10729,2025-06-09,253.66,Clothing
T101848,C10284,2025-12-15,293.82,Electronics
T104858,C10750,2026-04-19,226.86,Clothing
T103037,C10468,2025-11-02,169.54,Books
T100388,C10049,2026-02-15,342.38,Clothing
T100235,C10028,2025-06-04,308.1,Books
T101077,C10158,2026-01-23,251.42,Books
T101984,C10303,2025-12-13,83.8,Groceries
T104363,C10668,2026-03-18,267.29,Clothing
T103962,C10604,2025-06-03,60.45,Clothing
T100770,C10112,2025-11-11,99.13,Groceries
T102165,C10328,2025-09-22,214.95,Electronics
T104533,C10697,2025-12-28,24.6,Home & Kitchen
T100673,C10099,2026-01-27,24.86,Electronics
T100249,C10030,2025-12-12,108.09,Clothing
T101574,C10248,2025-06-26,246.14,Electronics
T103419,C10525,2025-07-23,81.07,Electronics
T102081,C10320,2026-04-03,23.7,Books
T101823,C10281,2025-09-26,79.47,Electronics
T106080,C10921,2025-09-14,287.9,Clothing
T106289,C10956,2026-01-22,24.67,Home & Kitchen
T104544,C10700,2025-10-27,91.21,Home & Kitchen
T105565,C10851,2026-02-05,112.87,Groceries
T100716,C10106,2025-10-06,74.03,Books
T105856,C10891,2025-11-30,67.8,Clothing
T106133,C10927,2026-03-06,84.06,Electronics
T102048,C10312,2025-06-17,50.49,Clothing
T105264,C10804,2026-03-24,46.37,Groceries
T104178,C10637,2025-11-06,88.47,Electronics
T104809,C10744,2025-09-16,21.46,Clothing
T102724,C10419,2026-01-12,435.16,Clothing
T105937,C10899,2026-02-15,29.04,Electronics
T101460,C10228,2026-02-20,20.65,Beauty & Personal Care
T101668,C10259,2026-05-22,240.2,Groceries
T102756,C10424,2025-10-26,101.15,Electronics
T102000,C10306,2026-01-29,14.71,Home & Kitchen
T104571,C10701,2026-02-01,263.54,Clothing
T104613,C10707,2026-04-23,23.77,Home & Kitchen
T100404,C10051,2026-01-12,246.14,Electronics
T100384,C10049,2026-04-03,256.9,Home & Kitchen
T105898,C10895,2025-07-12,164.91,Clothing
T102152,C10328,2025-11-01,266.75,Electronics
T101633,C10254,2026-01-18,118.86,Electronics
T106020,C10913,2025-06-06,111.21,Clothing
T105580,C10852,2025-09-22,128.71,Home & Kitchen
T104784,C10742,2026-02-27,58.47,Books
T103925,C10600,2025-06-08,93.46,Groceries
T105336,C10814,2026-02-28,101.85,Clothing
T104158,C10633,2026-02-12,70.45,Clothing
T104948,C10766,2026-04-11,75.56,Books
T105358,C10819,2025-11-09,30.84,Clothing
T100223,C10028,2025-09-29,195.77,Clothing
T102193,C10333,2026-03-03,81.68,Clothing
T103136,C10482,2025-10-02,338.8,Clothing
T104469,C10691,2025-10-27,179.56,Beauty & Personal Care
T101824,C10281,2026-04-26,91.75,Clothing
T106036,C10915,2025-11-13,44.27,Clothing
T105124,C10782,2025-12-21,36.76,Books
T104972,C10768,2025-08-04,220.63,Groceries
T100797,C10120,2026-01-29,93.69,Home & Kitchen
T102871,C10440,2025-07-05,39.43,Home & Kitchen
T100009,C10003,2025-09-19,35.39,Books
T101944,C10298,2026-02-17,285.89,Clothing
T101838,C10283,2026-05-05,90.02,Beauty & Personal Care
T104804,C10743,2026-02-08,171.08,Clothing
T100255,C10031,2025-09-11,259.32,Beauty & Personal Care
T105713,C10867,2025-08-01,182.29,Beauty & Personal Care
T104485,C10691,2025-11-30,80.45,Home & Kitchen
T106137,C10927,2025-11-25,74.97,Clothing
T101581,C10248,2025-08-27,280.25,Clothing
T102956,C10458,2025-08-02,377.0,Groceries
T100924,C10140,2025-06-18,320.23,Clothing
T105814,C10882,2025-06-19,35.69,Home & Kitchen
T102508,C10383,2026-02-28,251.59,Clothing
T105024,C10772,2026-03-06,87.52,Clothing
T105320,C10813,2025-07-08,100.75,Electronics
T103775,C10576,2025-11-18,215.51,Beauty & Personal Care
T104835,C10749,2025-06-20,34.38,Clothing
T104136,C10628,2025-12-02,330.36,Beauty & Personal Care
T104964,C10767,2025-10-19,40.75,Clothing
T102779,C10429,2025-08-01,94.87,Clothing
T100539,C10074,2025-11-06,89.78,Books
T102745,C10422,2025-07-13,273.99,Home & Kitchen
T105905,C10895,2025-10-17,143.63,Groceries
T105999,C10910,2025-10-06,86.56,Home & Kitchen
T105467,C10839,2025-10-14,100.93,Groceries
T101145,C10175,2025-06-17,68.1,Clothing
T105127,C10783,2025-12-14,79.78,Groceries
T104468,C10691,2026-03-18,165.56,Groceries
T100667,C10097,2025-06-09,79.23,Groceries
T103019,C10467,2025-09-05,344.77,Clothing
T100357,C10046,2026-01-27,76.81,Clothing
T105063,C10776,2026-03-27,79.65,Clothing
T102831,C10434,2026-02-26,225.42,Clothing
T102783,C10429,2026-01-23,72.05,Beauty & Personal Care
T101353,C10214,2025-08-15,93.91,Home & Kitchen
T105131,C10783,2026-01-02,92.65,Electronics
T100470,C10060,2026-04-09,330.03,Clothing
T102703,C10419,2025-09-27,388.21,Beauty & Personal Care
T103330,C10514,2025-10-07,329.77,Beauty & Personal Care
T103637,C10558,2025-08-10,328.84,Clothing
T101396,C10217,2026-04-11,31.0,Beauty & Personal Care
T103584,C10554,2025-08-27,73.94,Beauty & Personal Care
T106460,C10982,2026-03-30,42.28,Clothing
T105262,C10803,2026-02-17,80.4,Groceries
T105645,C10858,2026-04-18,18.72,Home & Kitchen
T103376,C10520,2026-05-21,49.72,Groceries
T101256,C10198,2026-01-01,50.97,Clothing
T103512,C10539,2025-12-24,47.05,Books
T105651,C10859,2025-11-30,306.04,Electronics
T105778,C10877,2026-03-02,90.22,Clothing
T101250,C10196,2025-10-09,27.69,Groceries
T105795,C10881,2025-08-18,221.21,Books
T105348,C10817,2025-09-16,8.09,Home & Kitchen
T106319,C10963,2026-01-22,193.29,Groceries
T104298,C10654,2025-10-14,36.46,Clothing
T103284,C10503,2026-05-08,76.65,Clothing
T102933,C10453,2025-08-15,120.41,Clothing
T104175,C10637,2026-03-17,68.64,Electronics
T105268,C10805,2025-11-16,12.58,Groceries
T104910,C10758,2026-01-06,23.71,Electronics
T101852,C10284,2025-08-30,185.67,Home & Kitchen
T106148,C10932,2026-02-12,34.03,Home & Kitchen
T106402,C10972,2025-11-01,291.13,Clothing
T102105,C10325,2025-12-30,418.53,Beauty & Personal Care
T100133,C10021,2026-04-21,35.51,Beauty & Personal Care
T105236,C10800,2025-08-25,200.34,Home & Kitchen
T105029,C10773,2025-12-05,42.24,Home & Kitchen
T100928,C10140,2025-09-28,338.76,Home & Kitchen
T100823,C10124,2026-01-22,43.13,Books
T105968,C10904,2025-11-10,82.89,Clothing
T101531,C10236,2025-06-30,161.3,Electronics
T101214,C10189,2025-12-18,92.31,Clothing
T100504,C10065,2025-07-03,12.22,Home & Kitchen
T104285,C10651,2025-06-09,37.08,Groceries
T101996,C10305,2025-08-04,27.29,Groceries
T103072,C10471,2026-05-15,180.23,Books
T101958,C10300,2025-09-16,84.78,Clothing
T101384,C10216,2025-12-29,61.82,Home & Kitchen
T100894,C10136,2025-09-14,47.55,Groceries
T104924,C10762,2025-07-01,88.12,Groceries
T100455,C10058,2025-10-18,235.7,Beauty & Personal Care
T105779,C10878,2025-08-01,66.98,Clothing
T106088,C10922,2025-11-06,84.63,Electronics
T103709,C10566,2025-12-28,281.85,Groceries
T106063,C10920,2026-03-26,86.97,Home & Kitchen
T104849,C10750,2026-04-09,244.3,Clothing
T104748,C10732,2025-12-09,20.71,Home & Kitchen
T104268,C10647,2025-07-20,171.33,Electronics
T103522,C10543,2026-05-04,25.17,Beauty & Personal Care
T104134,C10626,2025-09-29,71.33,Clothing
T103602,C10557,2025-07-20,418.39,Groceries
T100713,C10106,2025-07-10,78.31,Home & Kitchen
T104186,C10639,2025-08-17,120.42,Groceries
T102214,C10336,2025-11-04,322.05,Clothing
T105301,C10810,2025-09-12,234.99,Clothing
T102923,C10449,2026-03-18,66.28,Beauty & Personal Care
T101810,C10279,2026-01-19,28.12,Beauty & Personal Care
T103486,C10536,2025-09-12,287.49,Home & Kitchen
T103141,C10482,2025-06-12,184.86,Electronics
T101827,C10283,2026-02-01,111.68,Clothing
T101155,C10177,2025-10-28,49.42,Clothing
T101324,C10213,2026-02-04,254.36,Clothing
T104312,C10658,2026-04-18,87.68,Books
T100510,C10066,2026-02-01,81.18,Beauty & Personal Care
T101680,C10260,2025-07-02,46.52,Groceries
T100499,C10063,2025-08-14,31.75,Books
T105957,C10903,2026-02-01,100.92,Clothing
T101856,C10285,2025-06-01,41.74,Beauty & Personal Care
T101388,C10216,2026-03-23,51.16,Groceries
T105615,C10854,2025-07-17,57.81,Groceries
T103719,C10568,2025-08-08,54.22,Electronics
T102386,C10366,2026-04-10,31.07,Beauty & Personal Care
T105541,C10849,2025-07-05,299.83,Electronics
T103236,C10495,2025-10-02,111.64,Beauty & Personal Care
T101540,C10238,2026-04-17,35.16,Groceries
T101217,C10189,2025-07-28,100.92,Clothing
T102681,C10412,2025-12-05,77.32,Home & Kitchen
T102993,C10463,2025-11-08,37.67,Home & Kitchen
T105512,C10847,2025-08-04,105.88,Electronics
T101191,C10182,2026-05-25,82.92,Groceries
T105772,C10877,2025-09-23,100.24,Electronics
T105293,C10810,2025-07-04,204.71,Clothing
T101542,C10239,2026-03-29,32.67,Clothing
T103301,C10504,2025-06-10,69.59,Clothing
T103324,C10513,2025-08-26,84.83,Groceries
T102539,C10387,2026-05-21,90.21,Books
T100953,C10144,2026-04-05,126.54,Electronics
T104846,C10750,2025-07-16,111.42,Books
T104330,C10661,2025-08-12,106.44,Clothing
T100732,C10107,2025-12-03,203.71,Home & Kitchen
T106574,C10998,2026-05-02,211.82,Clothing
T101156,C10177,2025-10-15,40.93,Books
T106087,C10921,2026-03-18,133.08,Beauty & Personal Care
T103294,C10504,2025-07-14,65.56,Electronics
T102982,C10462,2025-12-29,108.35,Books
T105305,C10810,2026-03-11,304.73,Books
T105161,C10793,2025-08-15,15.81,Groceries
T102156,C10328,2026-01-09,246.94,Clothing
T101062,C10158,2025-11-16,330.26,Clothing
T102616,C10402,2026-03-04,76.62,Home & Kitchen
T101167,C10179,2025-07-18,66.99,Clothing
T103222,C10493,2026-02-26,74.25,Groceries
T103636,C10558,2026-04-14,293.38,Electronics
T105588,C10853,2025-10-01,325.83,Clothing
T102938,C10453,2025-10-25,81.49,Groceries
T104491,C10691,2025-10-19,112.31,Beauty & Personal Care
T103140,C10482,2025-08-15,333.56,Home & Kitchen
T104980,C10768,2026-04-11,211.15,Electronics
T100143,C10022,2026-03-07,186.77,Electronics
T106519,C10991,2026-05-10,20.38,Home & Kitchen
T103577,C10554,2025-10-07,63.3,Electronics
T104946,C10766,2025-08-12,70.25,Clothing
T102782,C10429,2025-06-30,69.63,Electronics
T100717,C10106,2025-06-14,74.58,Groceries
T101819,C10281,2025-11-24,74.41,Home & Kitchen
T102502,C10383,2026-03-23,302.58,Groceries
T104360,C10668,2025-10-18,222.89,Beauty & Personal Care
T104171,C10636,2025-07-25,32.29,Electronics
T100395,C10051,2025-12-28,245.18,Electronics
T105731,C10870,2026-04-26,37.92,Clothing
T106357,C10965,2025-09-09,61.13,Beauty & Personal Care
T104492,C10691,2026-05-14,130.72,Home & Kitchen
T101365,C10215,2025-08-29,263.42,Clothing
T105985,C10907,2025-11-21,55.57,Groceries
T100595,C10081,2026-01-23,25.72,Home & Kitchen
T103952,C10602,2025-06-05,363.35,Electronics
T105392,C10823,2026-05-25,85.99,Groceries
T105917,C10897,2025-08-18,73.59,Home & Kitchen
T104968,C10768,2026-05-04,256.33,Clothing
T102914,C10448,2026-04-11,76.28,Clothing
T102326,C10353,2026-05-28,62.64,Clothing
T105644,C10858,2026-02-21,31.24,Home & Kitchen
T103766,C10576,2025-07-25,143.16,Clothing
T103440,C10531,2025-06-02,208.96,Groceries
T103851,C10587,2026-02-27,76.92,Home & Kitchen
T104132,C10626,2026-05-22,89.05,Beauty & Personal Care
T106025,C10914,2025-12-13,56.47,Home & Kitchen
T102143,C10328,2025-12-05,277.9,Beauty & Personal Care
T106060,C10920,2025-12-30,51.9,Home & Kitchen
T105073,C10777,2025-09-04,207.31,Home & Kitchen
T101571,C10248,2025-07-22,160.1,Books
T104079,C10617,2025-08-30,238.95,Beauty & Personal Care
T101122,C10168,2026-05-11,80.7,Groceries
T102786,C10429,2026-01-01,76.13,Groceries
T102967,C10458,2026-01-03,301.87,Home & Kitchen
T102504,C10383,2025-10-14,264.89,Groceries
T103465,C10532,2026-04-16,36.55,Beauty & Personal Care
T100675,C10100,2025-07-05,18.72,Clothing
T102808,C10433,2025-07-31,340.65,Clothing
T103348,C10515,2025-06-03,37.79,Books
T100728,C10107,2026-03-05,156.31,Clothing
T100412,C10052,2025-11-10,32.9,Groceries
T103146,C10482,2025-09-12,255.84,Clothing
T101516,C10235,2025-11-05,129.52,Clothing
T105745,C10872,2025-12-15,73.86,Electronics
T100825,C10125,2026-05-21,42.54,Clothing
T103267,C10499,2026-01-20,85.67,Home & Kitchen
T103974,C10605,2025-07-26,85.45,Groceries
T100616,C10086,2026-05-02,70.25,Groceries
T100114,C10017,2025-07-12,326.42,Clothing
T100417,C10054,2026-01-14,248.24,Electronics
T103069,C10471,2025-07-10,204.75,Clothing
T101625,C10253,2025-06-01,37.11,Beauty & Personal Care
T106516,C10990,2025-11-18,100.46,Groceries
T104185,C10639,2025-06-20,90.57,Clothing
T102896,C10445,2025-11-26,55.75,Beauty & Personal Care
T106136,C10927,2025-11-12,99.89,Groceries
T102082,C10321,2026-01-17,60.21,Clothing
T100753,C10110,2025-07-18,73.31,Home & Kitchen
T102546,C10388,2025-08-31,13.45,Groceries
T103969,C10604,2025-10-15,79.07,Electronics
T103373,C10520,2026-02-23,81.03,Groceries
T105726,C10868,2025-12-24,32.77,Electronics
T104107,C10622,2026-04-12,99.86,Clothing
T102444,C10375,2025-12-01,271.23,Electronics
T104380,C10670,2026-04-08,31.6,Books
T101066,C10158,2026-04-05,208.09,Books
T103913,C10598,2025-09-26,63.66,Clothing
T105287,C10810,2026-02-12,318.79,Clothing
T105536,C10849,2025-08-09,163.55,Groceries
T105387,C10823,2026-03-07,61.76,Groceries
T105732,C10870,2025-11-12,42.82,Electronics
T103498,C10536,2026-02-10,201.83,Clothing
T102738,C10422,2025-07-30,366.53,Clothing
T105052,C10775,2026-05-28,58.33,Clothing
T104000,C10608,2025-10-16,25.06,Clothing
T101568,C10248,2026-03-21,144.69,Groceries
T102427,C10374,2025-07-17,68.71,Clothing
T103746,C10573,2026-04-13,39.45,Groceries
T106091,C10922,2025-12-16,82.07,Groceries
T101687,C10262,2026-05-17,97.56,Clothing
T100851,C10129,2025-07-16,66.08,Groceries
T103546,C10549,2026-05-07,42.97,Home & Kitchen
T100895,C10136,2026-02-06,43.88,Electronics
T104592,C10704,2025-12-19,79.12,Electronics
T105878,C10893,2026-01-16,262.71,Beauty & Personal Care
T100335,C10041,2026-05-28,21.21,Clothing
T102839,C10435,2025-11-29,88.03,Books
T103087,C10475,2025-12-24,91.59,Clothing
T104611,C10706,2025-12-09,26.03,Groceries
T101348,C10214,2026-02-25,62.02,Home & Kitchen
T101015,C10152,2026-03-06,260.24,Home & Kitchen
T102816,C10433,2025-06-17,318.98,Groceries
T101631,C10254,2026-04-14,90.71,Home & Kitchen
T102489,C10380,2026-04-16,24.89,Electronics
T103730,C10571,2025-06-04,367.89,Groceries
T103251,C10497,2026-03-26,74.14,Electronics
T106085,C10921,2025-12-02,193.82,Home & Kitchen
T105877,C10893,2026-03-27,322.62,Home & Kitchen
T105881,C10893,2025-11-21,373.2,Books
T102070,C10317,2026-04-17,86.76,Electronics
T104452,C10688,2025-07-22,98.36,Clothing
T106421,C10974,2026-02-01,13.23,Electronics
T105408,C10827,2026-02-18,94.33,Beauty & Personal Care
T101635,C10255,2025-12-09,29.41,Groceries
T104646,C10715,2026-05-26,43.25,Beauty & Personal Care
T102479,C10377,2025-07-10,67.18,Groceries
T102265,C10341,2026-03-20,42.57,Home & Kitchen
T102959,C10458,2025-09-29,275.07,Books
T105323,C10813,2026-03-05,100.56,Home & Kitchen
T106214,C10944,2025-07-25,37.83,Clothing
T103059,C10471,2026-02-08,150.33,Electronics
T105053,C10775,2025-10-21,49.13,Electronics
T105869,C10892,2026-05-20,69.11,Beauty & Personal Care
T102141,C10328,2025-06-20,268.25,Home & Kitchen
T105104,C10778,2026-01-21,113.09,Clothing
T103118,C10481,2025-09-04,103.16,Clothing
T105188,C10795,2026-05-31,256.01,Groceries
T106206,C10943,2026-02-08,177.86,Clothing
T104045,C10613,2025-10-11,222.42,Clothing
T103356,C10516,2025-12-01,84.53,Clothing
T102744,C10422,2025-10-21,162.34,Electronics
T105092,C10777,2025-11-01,215.49,Electronics
T103506,C10536,2025-07-21,227.13,Electronics
T101679,C10260,2026-05-16,42.35,Clothing
T104249,C10645,2025-10-11,278.77,Electronics
T103147,C10482,2025-12-18,255.62,Electronics
T102294,C10348,2026-01-15,56.03,Clothing
T100580,C10079,2026-04-21,329.18,Electronics
T101470,C10229,2026-02-14,76.09,Clothing
T104799,C10743,2025-12-07,221.18,Groceries
T104070,C10616,2026-04-19,204.42,Beauty & Personal Care
T105308,C10811,2025-10-10,206.91,Groceries
T103343,C10514,2026-05-29,345.58,Home & Kitchen
T104992,C10770,2026-01-10,289.42,Home & Kitchen
T104583,C10702,2026-01-26,96.59,Beauty & Personal Care
T103672,C10563,2025-08-18,174.62,Home & Kitchen
T100559,C10076,2025-11-02,60.08,Books
T105237,C10800,2026-01-28,330.36,Groceries
T105215,C10798,2025-11-28,203.64,Groceries
T102849,C10435,2025-11-07,82.32,Groceries
T100512,C10068,2025-10-19,15.78,Groceries
T104729,C10729,2026-02-09,249.03,Electronics
T101081,C10158,2025-12-27,255.36,Groceries
T101664,C10259,2026-05-18,263.02,Clothing
T101012,C10151,2025-06-22,52.22,Clothing
T101931,C10298,2025-10-02,279.64,Beauty & Personal Care
T101150,C10175,2026-03-29,52.99,Groceries
T102838,C10435,2025-07-25,123.69,Electronics
T105949,C10902,2025-07-03,59.41,Home & Kitchen
T100116,C10018,2025-11-08,20.95,Clothing
T100740,C10108,2025-12-27,40.94,Beauty & Personal Care
T106317,C10963,2025-08-03,172.15,Electronics
T106070,C10921,2025-08-21,239.3,Beauty & Personal Care
T105177,C10795,2026-05-10,209.25,Electronics
T103675,C10563,2025-10-24,235.41,Clothing
T105906,C10895,2025-11-19,154.22,Clothing
T100830,C10127,2026-03-21,16.91,Groceries
T100119,C10019,2026-04-15,19.04,Books
T104752,C10734,2026-02-16,38.06,Groceries
T106279,C10954,2025-08-11,260.01,Beauty & Personal Care
T106226,C10947,2025-08-15,14.84,Clothing
T106504,C10989,2026-05-22,40.28,Home & Kitchen
T100635,C10090,2026-04-09,27.02,Clothing
T104465,C10690,2025-06-05,42.87,Home & Kitchen
T104364,C10668,2026-04-20,177.69,Beauty & Personal Care
T104142,C10628,2025-08-10,352.22,Electronics
T100991,C10149,2025-06-04,246.07,Home & Kitchen
T100876,C10132,2026-03-21,233.74,Electronics
T104869,C10751,2026-02-06,67.34,Groceries
T105315,C10811,2025-09-06,231.84,Groceries
T105222,C10798,2026-02-28,167.18,Clothing
T100004,C10001,2025-07-18,90.98,Clothing
T103051,C10470,2025-08-17,20.92,Home & Kitchen
T105691,C10865,2025-10-08,46.68,Home & Kitchen
T103124,C10481,2025-08-27,85.34,Groceries
T102660,C10409,2026-05-23,25.06,Beauty & Personal Care
T102491,C10380,2026-02-14,43.34,Electronics
T105173,C10794,2025-10-03,174.42,Groceries
T103854,C10589,2026-05-22,96.24,Electronics
T104933,C10762,2025-09-29,98.24,Clothing
T104777,C10740,2026-04-20,36.16,Beauty & Personal Care
T101715,C10265,2026-04-13,53.01,Home & Kitchen
T101148,C10175,2025-07-31,91.78,Groceries
T103261,C10499,2025-12-31,92.03,Beauty & Personal Care
T100574,C10079,2025-07-25,353.72,Clothing
T103769,C10576,2025-10-22,164.28,Clothing
T103736,C10572,2025-11-23,65.38,Books
T104146,C10628,2025-12-08,352.58,Electronics
T100853,C10129,2025-06-20,92.25,Books
T101982,C10303,2026-02-17,60.1,Home & Kitchen
T102774,C10426,2026-05-01,19.28,Groceries
T105919,C10897,2025-07-09,85.2,Electronics
T104929,C10762,2025-06-03,79.26,Clothing
T105211,C10798,2025-09-20,124.5,Clothing
T101166,C10179,2025-07-09,79.29,Groceries
T106002,C10910,2025-07-19,89.98,Clothing
T100971,C10146,2025-09-22,34.44,Groceries
T102701,C10419,2025-06-11,391.58,Clothing
T104495,C10692,2025-11-17,91.08,Clothing
T103847,C10587,2026-06-01,62.57,Books
T102368,C10361,2026-02-03,44.66,Groceries
T104115,C10625,2025-08-16,291.25,Groceries
T104780,C10741,2026-05-31,39.36,Books
T104131,C10626,2026-01-02,73.03,Home & Kitchen
T102950,C10458,2025-08-11,390.69,Clothing
T105625,C10856,2025-07-09,158.15,Electronics
T100524,C10070,2025-07-14,64.36,Electronics
T102455,C10375,2026-05-10,370.74,Electronics
T105016,C10771,2026-04-28,42.33,Groceries
T101841,C10284,2025-12-28,151.26,Groceries
T105986,C10907,2026-05-17,52.15,Groceries
T100537,C10074,2026-05-22,92.66,Clothing
T102806,C10432,2026-04-02,73.83,Home & Kitchen
T105801,C10881,2025-10-04,214.61,Groceries
T105596,C10853,2026-04-18,287.0,Groceries
T104341,C10664,2026-02-03,59.91,Books
T103175,C10484,2025-08-06,166.44,Electronics
T100784,C10117,2026-01-07,43.21,Electronics
T104057,C10616,2025-10-29,198.25,Clothing
T101409,C10222,2026-03-06,51.71,Clothing
T102537,C10387,2025-07-09,103.16,Groceries
T100154,C10024,2025-12-28,112.83,Beauty & Personal Care
T103009,C10466,2025-12-06,97.34,Electronics
T101686,C10262,2025-12-13,87.58,Clothing
T102901,C10445,2025-06-29,80.65,Groceries
T106515,C10990,2025-07-08,64.52,Clothing
T104721,C10729,2025-12-01,273.97,Home & Kitchen
T103863,C10590,2025-11-01,24.83,Electronics
T102733,C10420,2026-03-07,95.48,Books
T101895,C10290,2026-04-02,48.29,Electronics
T105442,C10834,2025-12-01,32.97,Groceries
T100569,C10078,2026-04-24,68.55,Clothing
T105854,C10890,2025-06-05,38.32,Books
T101816,C10281,2025-12-10,56.94,Books
T102065,C10316,2025-10-03,21.82,Electronics
T100127,C10020,2026-05-08,233.84,Beauty & Personal Care
T103394,C10522,2025-06-13,444.47,Home & Kitchen
T103327,C10513,2025-06-01,59.44,Beauty & Personal Care
T106558,C10998,2025-06-03,238.14,Home & Kitchen
T106102,C10923,2025-12-06,118.09,Clothing
T102975,C10461,2025-12-16,83.68,Electronics
T100980,C10149,2025-07-01,387.45,Home & Kitchen
T102300,C10348,2026-03-06,84.26,Beauty & Personal Care
T100190,C10027,2026-01-25,194.85,Clothing
T101139,C10173,2026-01-21,23.55,Home & Kitchen
T105088,C10777,2025-12-22,289.31,Home & Kitchen
T100699,C10103,2025-11-12,100.6,Electronics
T106280,C10954,2026-05-19,262.85,Clothing
T100606,C10085,2025-10-23,60.76,Clothing
T104276,C10647,2025-06-09,197.47,Clothing
T100301,C10034,2026-03-11,21.39,Home & Kitchen
T103420,C10525,2026-06-01,79.94,Electronics
T106333,C10963,2026-02-24,184.17,Clothing
T101060,C10158,2025-12-20,311.41,Clothing
T106386,C10970,2025-08-22,36.28,Groceries
T102565,C10393,2025-10-27,75.96,Groceries
T106570,C10998,2026-03-10,197.23,Clothing
T101069,C10158,2025-11-11,290.15,Clothing
T102524,C10385,2025-06-06,82.62,Groceries
T102205,C10335,2025-07-26,37.17,Electronics
T101243,C10193,2025-06-06,211.18,Electronics
T100016,C10006,2025-10-27,74.48,Books
T103120,C10481,2026-04-06,80.18,Clothing
T106561,C10998,2025-06-02,271.18,Clothing
T104642,C10714,2026-03-08,21.7,Beauty & Personal Care
T104754,C10735,2025-08-16,64.71,Clothing
T100815,C10122,2026-05-15,71.0,Clothing
T103067,C10471,2025-06-03,171.03,Home & Kitchen
T106285,C10955,2025-09-14,29.37,Home & Kitchen
T105600,C10853,2025-11-16,257.12,Electronics
T100959,C10145,2025-07-31,69.25,Groceries
T104893,C10757,2026-04-20,228.95,Groceries
T100225,C10028,2025-07-12,330.85,Electronics
T106170,C10938,2026-01-06,20.88,Groceries
T103354,C10516,2025-08-03,74.44,Clothing
T105895,C10895,2026-01-08,213.37,Clothing
T102485,C10379,2026-04-02,36.52,Groceries
T100562,C10076,2025-06-04,79.46,Home & Kitchen
T103436,C10530,2026-03-17,105.72,Books
T106181,C10939,2026-02-05,104.04,Groceries
T101693,C10263,2026-04-05,79.61,Electronics
T101045,C10155,2026-03-12,22.04,Home & Kitchen
T103446,C10531,2025-09-03,196.11,Beauty & Personal Care
T104565,C10701,2026-05-03,249.96,Groceries
T100954,C10144,2025-07-08,103.65,Electronics
T106557,C10998,2025-10-09,259.48,Clothing
T102735,C10420,2025-10-30,100.72,Home & Kitchen
T106451,C10981,2025-11-17,115.59,Groceries
T104735,C10730,2025-09-25,116.64,Electronics
T106336,C10964,2025-07-10,96.76,Groceries
T101218,C10189,2026-04-23,84.21,Home & Kitchen
T105254,C10802,2025-12-26,52.43,Beauty & Personal Care
T105511,C10847,2025-06-14,107.25,Books
T106256,C10953,2025-11-22,33.75,Clothing
T101527,C10236,2026-01-21,326.88,Electronics
T103987,C10606,2026-05-28,56.75,Groceries
T106494,C10986,2026-03-26,198.23,Electronics
T101300,C10208,2026-03-12,12.59,Groceries
T106434,C10977,2025-08-18,89.33,Books
T105699,C10867,2025-11-15,193.03,Clothing
T100160,C10025,2026-05-04,48.76,Electronics
T104067,C10616,2026-03-10,190.68,Clothing
T105800,C10881,2026-01-12,241.28,Electronics
T100956,C10145,2025-11-18,67.67,Clothing
T103791,C10577,2025-11-11,88.49,Groceries
T103234,C10495,2025-06-15,77.32,Beauty & Personal Care
T102869,C10439,2025-10-07,50.77,Home & Kitchen
T103777,C10576,2026-04-04,130.51,Electronics
T104433,C10684,2025-08-15,32.78,Home & Kitchen
T104973,C10768,2026-03-28,166.75,Groceries
T106015,C10913,2026-04-02,94.54,Groceries
T102961,C10458,2025-08-29,299.96,Clothing
T105980,C10906,2025-07-25,22.99,Electronics
T102200,C10334,2025-09-11,118.77,Groceries
T100098,C10017,2026-01-19,336.29,Clothing
T106395,C10972,2026-02-24,349.88,Books
T102557,C10391,2025-12-24,32.26,Beauty & Personal Care
T103183,C10487,2025-11-22,16.97,Groceries
T100253,C10031,2026-04-30,335.15,Electronics
T103923,C10600,2026-05-13,74.33,Beauty & Personal Care
T104199,C10640,2026-04-07,357.79,Electronics
T101445,C10226,2026-04-08,87.37,Home & Kitchen
T105539,C10849,2026-05-09,263.96,Clothing
T101648,C10256,2025-06-03,74.23,Home & Kitchen
T104682,C10724,2026-03-11,31.5,Clothing
T104723,C10729,2025-06-30,232.89,Home & Kitchen
T103991,C10607,2025-08-07,56.69,Clothing
T101696,C10263,2025-07-09,84.79,Electronics
T103191,C10488,2025-06-22,114.46,Home & Kitchen
T106197,C10942,2025-08-23,17.83,Electronics
T104499,C10692,2026-05-26,48.01,Clothing
T101154,C10176,2026-02-28,47.62,Clothing
T102255,C10340,2025-09-24,293.25,Electronics
T101682,C10262,2026-03-15,80.99,Clothing
T103170,C10484,2026-05-11,156.77,Groceries
T102056,C10313,2025-07-19,91.89,Home & Kitchen
T104090,C10618,2025-07-13,56.19,Clothing
T106415,C10973,2026-04-24,40.39,Books
T103108,C10479,2026-01-04,111.8,Clothing
T104548,C10700,2025-06-28,91.82,Groceries
T103723,C10571,2025-08-25,235.67,Electronics
T105423,C10829,2025-11-15,102.0,Home & Kitchen
T102049,C10312,2025-08-14,57.74,Electronics
T104976,C10768,2026-04-12,339.97,Groceries
T103643,C10558,2025-11-16,308.59,Electronics
T106489,C10986,2025-12-05,315.58,Groceries
T100623,C10086,2025-07-18,88.8,Groceries
T106328,C10963,2026-01-13,268.2,Electronics
T105883,C10893,2025-08-09,228.55,Groceries
T100262,C10031,2025-07-29,121.46,Groceries
T105730,C10869,2026-05-02,38.6,Clothing
T103369,C10519,2025-09-08,110.77,Groceries
T104061,C10616,2025-10-22,189.78,Electronics
T105534,C10849,2026-02-23,208.31,Books
T106294,C10959,2026-01-02,62.8,Electronics
T106065,C10920,2026-03-25,47.06,Beauty & Personal Care
T101802,C10278,2025-08-31,66.15,Home & Kitchen
T104736,C10730,2026-06-01,90.41,Books
T106568,C10998,2026-02-10,214.8,Books
T102385,C10366,2025-08-27,28.43,Electronics
T105759,C10874,2025-12-17,39.05,Beauty & Personal Care
T101959,C10300,2025-12-08,72.29,Clothing
T102976,C10461,2025-12-19,101.05,Books
T100488,C10061,2026-04-27,114.6,Clothing
T101843,C10284,2025-09-02,249.99,Groceries
T101734,C10269,2025-08-18,100.79,Electronics
T102911,C10448,2026-05-12,71.37,Clothing
T103219,C10493,2025-11-03,64.51,Groceries
T100146,C10023,2025-06-21,35.78,Beauty & Personal Care
T105630,C10856,2025-12-21,126.0,Electronics
T101986,C10303,2025-08-14,80.38,Beauty & Personal Care
T101369,C10215,2025-12-18,227.1,Beauty & Personal Care
T106051,C10918,2025-10-12,85.59,Clothing
T102811,C10433,2025-09-16,263.1,Electronics
T100659,C10096,2025-06-10,56.09,Clothing
T101794,C10277,2025-08-16,99.35,Clothing
T102511,C10383,2026-02-27,346.51,Beauty & Personal Care
T103397,C10522,2026-01-29,420.29,Clothing
T104282,C10650,2026-05-04,37.08,Groceries
T101147,C10175,2025-07-15,46.26,Clothing
T103272,C10500,2025-08-18,20.62,Electronics
T100608,C10085,2025-06-27,45.69,Groceries
T106287,C10956,2025-12-18,29.74,Home & Kitchen
T103582,C10554,2026-01-11,101.67,Electronics
T101930,C10298,2025-09-11,193.33,Clothing
T100197,C10027,2025-09-29,224.87,Groceries
T102931,C10453,2026-04-17,99.25,Electronics
T102327,C10353,2026-04-08,73.21,Beauty & Personal Care
T104389,C10673,2025-10-24,45.28,Electronics
T100766,C10112,2025-07-01,87.99,Electronics
T104496,C10692,2025-12-31,53.84,Books
T104218,C10644,2026-04-26,192.09,Electronics
T103255,C10497,2025-07-02,71.89,Clothing
T100202,C10027,2025-07-08,271.33,Home & Kitchen
T103510,C10538,2026-03-06,51.06,Books
T104931,C10762,2026-02-06,48.54,Home & Kitchen
T105535,C10849,2026-01-30,341.38,Home & Kitchen
T101733,C10269,2025-07-07,84.25,Groceries
T105791,C10880,2025-06-23,24.21,Home & Kitchen
T102777,C10428,2025-12-03,31.76,Home & Kitchen
T101707,C10265,2025-09-21,82.87,Books
T105172,C10794,2026-03-04,203.45,Beauty & Personal Care
T105249,C10800,2026-04-05,291.42,Clothing
T105757,C10873,2026-05-19,89.34,Electronics
T103474,C10534,2026-02-16,94.51,Books
T105855,C10891,2025-11-08,74.18,Books
T100854,C10130,2025-06-19,50.12,Books
T105685,C10863,2026-02-09,32.6,Groceries
T104737,C10731,2025-11-28,290.59,Home & Kitchen
T104097,C10620,2025-06-29,16.69,Home & Kitchen
T102160,C10328,2026-04-21,210.13,Groceries
T100698,C10103,2025-09-01,117.23,Home & Kitchen
T106512,C10990,2026-03-28,63.65,Beauty & Personal Care
T102999,C10465,2025-09-10,63.31,Electronics
T103696,C10566,2025-10-05,251.29,Groceries
T101636,C10255,2025-06-24,26.66,Beauty & Personal Care
T103457,C10531,2025-10-04,182.87,Electronics
T103581,C10554,2026-05-03,92.84,Clothing
T101291,C10205,2025-12-01,41.45,Books
T104659,C10717,2025-06-27,39.25,Clothing
T105616,C10855,2025-12-13,33.34,Clothing
T101853,C10284,2026-04-11,291.31,Home & Kitchen
T105232,C10800,2026-02-13,217.43,Books
T103763,C10576,2025-10-02,233.09,Clothing
T103304,C10505,2026-02-07,23.04,Beauty & Personal Care
T106468,C10983,2025-11-17,110.81,Clothing
T105727,C10869,2026-05-04,38.17,Groceries
T103743,C10572,2025-08-11,74.77,Electronics
T103445,C10531,2025-12-10,144.64,Clothing
T101998,C10305,2026-05-25,26.6,Groceries
T100663,C10097,2026-01-01,48.52,Groceries
T104779,C10740,2026-01-19,14.27,Electronics
T105353,C10818,2026-05-01,104.04,Home & Kitchen
T103748,C10573,2026-05-05,93.54,Electronics
T104413,C10679,2026-05-09,50.74,Electronics
T104744,C10731,2026-05-15,369.11,Clothing
T105530,C10848,2026-04-13,300.14,Clothing
T105575,C10852,2026-01-01,70.84,Groceries
T100709,C10105,2025-07-05,24.53,Clothing
T101282,C10202,2025-07-14,66.86,Home & Kitchen
T105864,C10891,2026-03-15,92.66,Electronics
T105068,C10776,2026-05-25,99.46,Books
T102675,C10412,2025-09-15,52.42,Groceries
T104029,C10612,2026-02-13,301.48,Groceries
T101306,C10210,2025-07-09,85.36,Electronics
T105496,C10844,2025-09-10,92.95,Books
T105504,C10846,2026-02-19,32.25,Books
T102237,C10338,2025-11-10,61.49,Electronics
T103302,C10505,2026-03-01,18.62,Groceries
T105592,C10853,2025-06-21,228.83,Clothing
T102038,C10311,2025-10-18,74.39,Groceries
T101529,C10236,2026-02-05,193.74,Clothing
T101663,C10259,2026-04-16,167.78,Groceries
T105450,C10836,2026-04-30,101.07,Clothing
T106497,C10986,2025-12-18,308.62,Beauty & Personal Care
T106521,C10991,2026-05-30,18.3,Clothing
T103627,C10558,2026-05-08,348.54,Home & Kitchen
T105739,C10872,2025-07-16,69.84,Clothing
T105147,C10787,2026-01-19,19.87,Clothing
T104891,C10757,2025-06-22,174.19,Electronics
T102693,C10415,2025-10-28,67.21,Home & Kitchen
T103060,C10471,2025-08-15,185.98,Electronics
T101597,C10250,2025-08-06,415.31,Home & Kitchen
T102729,C10420,2025-06-13,101.4,Clothing
T102625,C10404,2025-06-27,211.47,Books
T105915,C10897,2025-07-25,88.29,Clothing
T103157,C10484,2026-04-28,209.53,Clothing
T103314,C10510,2026-03-28,41.44,Clothing
T101722,C10266,2026-03-04,218.74,Groceries
T105279,C10808,2026-05-22,107.87,Electronics
T101059,C10158,2025-08-09,254.29,Clothing
T104636,C10712,2025-07-09,29.33,Home & Kitchen
T103242,C10496,2026-03-21,215.65,Groceries
T101678,C10259,2026-05-10,248.08,Electronics
T106374,C10966,2025-07-10,160.53,Electronics
T101757,C10272,2025-06-22,389.55,Electronics
T106019,C10913,2025-12-10,121.92,Clothing
T104191,C10639,2025-08-22,89.13,Books
T105116,C10780,2025-11-10,75.4,Groceries
T100563,C10077,2026-05-27,24.78,Clothing
T102790,C10430,2025-07-19,244.82,Home & Kitchen
T100863,C10132,2025-09-04,349.41,Electronics
T101484,C10230,2025-08-07,282.74,Groceries
T105977,C10905,2026-03-09,24.05,Clothing
T105134,C10785,2025-08-05,74.48,Home & Kitchen
T100206,C10027,2026-05-02,242.93,Groceries
T104488,C10691,2025-12-02,204.25,Clothing
T100870,C10132,2025-07-19,250.77,Electronics
T104493,C10691,2026-01-17,137.26,Books
T100502,C10065,2025-10-14,8.48,Electronics
T101028,C10152,2026-01-10,281.02,Clothing
T103840,C10586,2026-02-16,57.3,Clothing
T102690,C10415,2026-02-25,53.98,Beauty & Personal Care
T105581,C10852,2026-05-07,115.55,Clothing
T105056,C10775,2025-09-11,63.84,Electronics
T101570,C10248,2026-02-17,262.53,Electronics
T102773,C10426,2026-04-22,13.99,Home & Kitchen
T105991,C10908,2026-01-15,40.75,Clothing
T102731,C10420,2026-01-21,133.96,Books
T106242,C10949,2025-12-29,110.01,Beauty & Personal Care
T100804,C10121,2026-03-16,79.11,Clothing
T105847,C10890,2025-11-10,44.13,Home & Kitchen
T103645,C10558,2025-06-21,254.64,Home & Kitchen
T102454,C10375,2025-08-18,330.48,Clothing
T104598,C10705,2026-03-25,78.92,Clothing
T103104,C10478,2025-08-05,94.9,Groceries
T104875,C10753,2025-09-21,34.2,Clothing
T105959,C10903,2025-11-08,122.69,Home & Kitchen
T100200,C10027,2025-10-04,235.07,Books
T106278,C10954,2026-04-10,196.71,Beauty & Personal Care
T103099,C10477,2026-01-24,42.23,Groceries
T106184,C10940,2025-11-20,28.34,Clothing
T102278,C10345,2026-05-23,103.35,Home & Kitchen
T103561,C10552,2026-03-19,59.46,Electronics
T105892,C10895,2025-08-25,93.08,Electronics
T104474,C10691,2025-11-27,202.48,Books
T106432,C10977,2026-03-08,65.08,Groceries
T104514,C10696,2026-01-29,192.69,Books
T105794,C10881,2025-06-29,212.28,Clothing
T100391,C10050,2025-11-24,43.42,Clothing
T105618,C10855,2025-11-20,36.14,Beauty & Personal Care
T105258,C10802,2026-03-03,40.29,Electronics
T101495,C10230,2026-05-06,371.81,Books
T102695,C10417,2025-07-10,30.81,Electronics
T102027,C10309,2025-06-04,310.71,Home & Kitchen
T105248,C10800,2026-01-22,311.2,Clothing
T105463,C10838,2026-05-09,16.5,Electronics
T102568,C10393,2025-11-01,94.95,Groceries
T100064,C10015,2025-11-07,346.13,Clothing
T103884,C10592,2026-02-17,91.91,Groceries
T102062,C10315,2025-09-20,42.86,Books
T105276,C10808,2025-11-04,84.63,Home & Kitchen
T100492,C10061,2025-09-17,90.46,Groceries
T100379,C10049,2025-10-28,254.44,Home & Kitchen
T106331,C10963,2025-10-18,130.69,Clothing
T104859,C10750,2025-11-30,213.25,Home & Kitchen
T106360,C10966,2026-05-23,214.03,Home & Kitchen
T103993,C10607,2025-08-14,75.03,Clothing
T104887,C10757,2025-06-07,315.63,Electronics
T101076,C10158,2026-03-09,194.99,Electronics
T100878,C10132,2025-09-29,258.8,Electronics
T100337,C10042,2026-04-17,86.42,Home & Kitchen
T106439,C10978,2025-09-21,66.55,Electronics
T101016,C10152,2025-06-17,217.77,Electronics
T101275,C10202,2026-01-01,58.36,Home & Kitchen
T103798,C10579,2026-05-26,85.33,Electronics
T104551,C10700,2026-05-12,98.25,Groceries
T103342,C10514,2025-11-23,232.76,Groceries
T104911,C10758,2025-12-26,32.92,Home & Kitchen
T106413,C10972,2025-12-08,325.99,Beauty & Personal Care
T100995,C10149,2025-06-09,334.11,Home & Kitchen
T101981,C10302,2026-03-03,34.12,Electronics
T104297,C10653,2025-12-09,65.27,Groceries
T100161,C10025,2025-11-16,75.18,Clothing
T105675,C10861,2026-05-12,296.59,Clothing
T104798,C10743,2025-06-04,81.7,Home & Kitchen
T101500,C10231,2025-10-20,48.54,Clothing
T103843,C10586,2026-05-22,45.94,Groceries
T105225,C10799,2025-06-02,14.34,Home & Kitchen
T102613,C10402,2025-09-07,87.53,Electronics
T103461,C10531,2025-08-10,296.55,Clothing
T101021,C10152,2026-03-16,221.66,Clothing
T103073,C10471,2025-08-02,251.71,Clothing
T103943,C10602,2025-09-20,134.63,Books
T101585,C10248,2025-11-23,257.47,Electronics
T101955,C10300,2025-09-30,89.56,Clothing
T103152,C10483,2025-12-22,22.58,Home & Kitchen
T106349,C10965,2026-01-15,73.48,Books
T100034,C10011,2025-07-17,75.5,Groceries
T104014,C10611,2026-04-05,63.11,Electronics
T100775,C10114,2026-04-12,35.51,Clothing
T102556,C10391,2026-02-07,19.06,Home & Kitchen
T101478,C10230,2025-08-23,227.13,Beauty & Personal Care
T105486,C10843,2025-07-24,105.23,Clothing
T106235,C10948,2025-09-18,65.21,Electronics
T101363,C10215,2026-04-11,222.69,Groceries
T102612,C10402,2025-06-03,84.61,Home & Kitchen
T102824,C10434,2025-08-14,269.02,Beauty & Personal Care
T102041,C10311,2026-03-01,68.63,Electronics
T100241,C10029,2025-12-25,77.57,Groceries
T102061,C10314,2026-04-23,21.91,Clothing
T102363,C10360,2025-11-02,77.93,Clothing
T100600,C10083,2025-11-12,88.34,Groceries
T102435,C10374,2025-11-01,64.1,Home & Kitchen
T105393,C10823,2025-11-08,86.69,Books
T106310,C10961,2025-10-15,53.91,Books
T102888,C10444,2026-05-17,97.31,Home & Kitchen
T106164,C10934,2025-11-04,105.08,Clothing
T100646,C10094,2025-08-15,28.67,Beauty & Personal Care
T103890,C10592,2025-07-27,103.26,Groceries
T103556,C10552,2025-12-18,80.42,Groceries
T103202,C10489,2026-02-14,62.76,Electronics
T101528,C10236,2025-09-01,225.28,Groceries
T101267,C10201,2025-09-09,80.82,Groceries
T101899,C10291,2025-06-18,83.99,Groceries
T104658,C10717,2025-06-10,54.98,Home & Kitchen
T103005,C10466,2026-05-26,84.38,Beauty & Personal Care
T102734,C10420,2025-11-17,138.49,Groceries
T100189,C10027,2026-04-07,141.44,Groceries
T101806,C10278,2025-06-21,80.78,Clothing
T100975,C10147,2026-05-02,14.41,Books
T102747,C10422,2025-07-15,231.27,Books
T102047,C10312,2026-01-24,55.27,Groceries
T102558,C10391,2025-07-06,33.88,Home & Kitchen
T101082,C10158,2025-08-11,256.74,Groceries
T100474,C10060,2025-07-30,426.03,Electronics
T102904,C10447,2025-11-14,8.01,Electronics
T104843,C10750,2026-02-04,213.25,Beauty & Personal Care
T106396,C10972,2025-08-25,315.25,Home & Kitchen
T104117,C10625,2025-12-17,215.38,Clothing
T103385,C10521,2026-01-02,41.66,Home & Kitchen
T104555,C10701,2025-06-01,263.47,Electronics
T101184,C10181,2026-01-06,37.91,Clothing
T106420,C10974,2025-06-21,11.66,Books
T105051,C10774,2025-09-06,256.67,Groceries
T105311,C10811,2025-09-25,306.55,Groceries
T102433,C10374,2026-01-15,67.03,Electronics
T105611,C10854,2025-07-16,122.61,Clothing
T102391,C10367,2026-04-02,37.45,Beauty & Personal Care
T100769,C10112,2025-08-13,115.7,Clothing
T101685,C10262,2026-05-07,112.36,Electronics
T100130,C10020,2025-08-08,184.62,Clothing
T102919,C10449,2025-09-24,86.68,Groceries
T103171,C10484,2025-12-02,234.47,Groceries
T103444,C10531,2025-11-17,236.46,Beauty & Personal Care
T106231,C10948,2025-08-10,45.22,Clothing
T105578,C10852,2026-06-01,79.98,Beauty & Personal Care
T104426,C10682,2025-11-07,39.57,Groceries
T105334,C10814,2025-10-24,97.96,Books
T100466,C10060,2025-12-08,374.49,Electronics
T106265,C10954,2026-02-28,264.16,Home & Kitchen
T105734,C10870,2026-04-17,34.84,Clothing
T103092,C10475,2026-04-05,71.89,Electronics
T103772,C10576,2025-08-09,152.83,Books
T105191,C10795,2026-03-05,299.84,Clothing
T105226,C10799,2025-11-19,17.56,Groceries
T105390,C10823,2025-08-11,73.95,Groceries
T100860,C10132,2026-01-26,269.77,Clothing
